adm4,kelurahan,local_datetime,t,hu,ws,tcc,tp,weather_desc,sin_hour,cos_hour,t_lag1,hu_lag1,ws_lag1,t_rolling_mean_3h,hu_rolling_mean_3h,is_rain_risk
35.73.01.1005,Blimbing,2026-09-28 20:00:00,22.0,93.0,0.7,94.0,0.0,Udara Kabur,-0.8660254037844386,0.5000000000000001,,,,,,0
35.73.01.1005,Blimbing,2026-09-28 21:00:00,21.333333333333332,93.66666666666667,0.9666666666666666,88.0,0.0,Udara Kabur,-0.7071067811865477,0.7071067811865474,22.0,93.0,0.7,,,0
35.73.01.1005,Blimbing,2026-09-28 22:00:00,20.666666666666668,94.33333333333333,1.2333333333333334,82.0,0.0,Udara Kabur,-0.5000000000000004,0.8660254037844384,21.333333333333332,93.66666666666667,0.9666666666666666,21.333333333333332,93.66666666666667,0
35.73.01.1005,Blimbing,2026-09-28 23:00:00,20.0,95.0,1.5,76.0,0.0,Udara Kabur,-0.25881904510252157,0.9659258262890681,20.666666666666668,94.33333333333333,1.2333333333333334,20.666666666666668,94.33333333333333,0
35.73.01.1005,Blimbing,2026-09-29 00:00:00,20.0,92.66666666666667,1.1333333333333333,61.666666666666664,0.0,Udara Kabur,0.0,1.0,20.0,95.0,1.5,20.222222222222225,94.0,0
35.73.01.1005,Blimbing,2026-09-29 01:00:00,20.0,90.33333333333333,0.7666666666666666,47.33333333333333,0.0,Udara Kabur,0.25881904510252074,0.9659258262890683,20.0,92.66666666666667,1.1333333333333333,20.0,92.66666666666667,0
35.73.01.1005,Blimbing,2026-09-29 02:00:00,20.0,88.0,0.4,33.0,0.0,Cerah,0.49999999999999994,0.8660254037844387,20.0,90.33333333333333,0.7666666666666666,20.0,90.33333333333333,0
35.73.01.1005,Blimbing,2026-09-29 03:00:00,20.333333333333332,85.66666666666667,0.7,25.0,0.0,Cerah,0.7071067811865475,0.7071067811865476,20.0,88.0,0.4,20.11111111111111,88.0,0
35.73.01.1005,Blimbing,2026-09-29 04:00:00,20.666666666666668,83.33333333333333,1.0,17.0,0.0,Cerah,0.8660254037844386,0.5000000000000001,20.333333333333332,85.66666666666667,0.7,20.333333333333332,85.66666666666667,0
35.73.01.1005,Blimbing,2026-09-29 05:00:00,21.0,81.0,1.3,9.0,0.0,Cerah,0.9659258262890683,0.25881904510252074,20.666666666666668,83.33333333333333,1.0,20.666666666666668,83.33333333333333,0
35.73.01.1005,Blimbing,2026-09-29 06:00:00,23.333333333333332,72.66666666666667,1.4666666666666668,10.0,0.0,Cerah,1.0,6.123233995736766e-17,21.0,81.0,1.3,21.666666666666668,79.0,0
35.73.01.1005,Blimbing,2026-09-29 07:00:00,25.666666666666668,64.33333333333333,1.6333333333333333,11.0,0.0,Cerah,0.9659258262890683,-0.25881904510252063,23.333333333333332,72.66666666666667,1.4666666666666668,23.333333333333332,72.66666666666667,0
35.73.01.1005,Blimbing,2026-09-29 08:00:00,28.0,56.0,1.8,12.0,0.0,Cerah,0.8660254037844387,-0.4999999999999998,25.666666666666668,64.33333333333333,1.6333333333333333,25.666666666666668,64.33333333333333,0
35.73.01.1005,Blimbing,2026-09-29 09:00:00,28.666666666666668,51.666666666666664,5.566666666666666,17.0,0.0,Cerah,0.7071067811865476,-0.7071067811865475,28.0,56.0,1.8,27.444444444444446,57.333333333333336,0
35.73.01.1005,Blimbing,2026-09-29 10:00:00,29.333333333333332,47.333333333333336,9.333333333333332,22.0,0.0,Cerah,0.49999999999999994,-0.8660254037844387,28.666666666666668,51.666666666666664,5.566666666666666,28.666666666666668,51.666666666666664,0
35.73.01.1005,Blimbing,2026-09-29 11:00:00,30.0,43.0,13.1,27.0,0.0,Cerah,0.258819045102521,-0.9659258262890682,29.333333333333332,47.333333333333336,9.333333333333332,29.333333333333332,47.333333333333336,0
35.73.01.1005,Blimbing,2026-09-29 12:00:00,29.666666666666668,43.0,9.933333333333334,32.0,0.0,Cerah,1.2246467991473532e-16,-1.0,30.0,43.0,13.1,29.666666666666668,44.44444444444445,0
35.73.01.1005,Blimbing,2026-09-29 13:00:00,29.333333333333332,43.0,6.766666666666667,37.0,0.0,Cerah,-0.2588190451025208,-0.9659258262890683,29.666666666666668,43.0,9.933333333333334,29.666666666666668,43.0,0
35.73.01.1005,Blimbing,2026-09-29 14:00:00,29.0,43.0,3.6,42.0,0.0,Cerah,-0.4999999999999997,-0.8660254037844388,29.333333333333332,43.0,6.766666666666667,29.333333333333332,43.0,0
35.73.01.1005,Blimbing,2026-09-29 15:00:00,27.333333333333332,53.0,4.066666666666666,40.0,0.0,Cerah,-0.7071067811865471,-0.7071067811865479,29.0,43.0,3.6,28.555555555555554,46.333333333333336,0
35.73.01.1005,Blimbing,2026-09-29 16:00:00,25.666666666666668,63.0,4.533333333333333,38.0,0.0,Cerah,-0.8660254037844384,-0.5000000000000004,27.333333333333332,53.0,4.066666666666666,27.333333333333332,53.0,0
35.73.01.1005,Blimbing,2026-09-29 17:00:00,24.0,73.0,5.0,36.0,0.0,Cerah,-0.9659258262890683,-0.25881904510252063,25.666666666666668,63.0,4.533333333333333,25.666666666666668,63.0,0
35.73.01.1005,Blimbing,2026-09-29 18:00:00,23.333333333333332,78.66666666666667,4.2,30.666666666666668,0.0,Cerah,-1.0,-1.8369701987210297e-16,24.0,73.0,5.0,24.333333333333332,71.55555555555556,0
35.73.01.1005,Blimbing,2026-09-29 19:00:00,22.666666666666668,84.33333333333333,3.4000000000000004,25.333333333333336,0.0,Cerah,-0.9659258262890684,0.2588190451025203,23.333333333333332,78.66666666666667,4.2,23.333333333333332,78.66666666666667,0
35.73.01.1005,Blimbing,2026-09-29 20:00:00,22.0,90.0,2.6,20.0,0.0,Cerah,-0.8660254037844386,0.5000000000000001,22.666666666666668,84.33333333333333,3.4000000000000004,22.666666666666668,84.33333333333333,0
35.73.01.1005,Blimbing,2026-09-29 21:00:00,21.333333333333332,91.33333333333333,2.1333333333333333,25.666666666666668,0.0,Cerah,-0.7071067811865477,0.7071067811865474,22.0,90.0,2.6,22.0,88.55555555555554,0
35.73.01.1005,Blimbing,2026-09-29 22:00:00,20.666666666666668,92.66666666666667,1.6666666666666665,31.333333333333336,0.0,Cerah,-0.5000000000000004,0.8660254037844384,21.333333333333332,91.33333333333333,2.1333333333333333,21.333333333333332,91.33333333333333,0
35.73.01.1005,Blimbing,2026-09-29 23:00:00,20.0,94.0,1.2,37.0,0.0,Udara Kabur,-0.25881904510252157,0.9659258262890681,20.666666666666668,92.66666666666667,1.6666666666666665,20.666666666666668,92.66666666666667,0
35.73.01.1005,Blimbing,2026-09-30 00:00:00,20.0,93.66666666666667,0.9333333333333333,56.33333333333333,0.0,Udara Kabur,0.0,1.0,20.0,94.0,1.2,20.222222222222225,93.44444444444446,0
35.73.01.1005,Blimbing,2026-09-30 01:00:00,20.0,93.33333333333333,0.6666666666666666,75.66666666666666,0.0,Udara Kabur,0.25881904510252074,0.9659258262890683,20.0,93.66666666666667,0.9333333333333333,20.0,93.66666666666667,0
35.73.01.1005,Blimbing,2026-09-30 02:00:00,20.0,93.0,0.4,95.0,0.0,Udara Kabur,0.49999999999999994,0.8660254037844387,20.0,93.33333333333333,0.6666666666666666,20.0,93.33333333333333,0
35.73.01.1005,Blimbing,2026-09-30 03:00:00,20.333333333333332,90.0,0.9,90.66666666666667,0.0,Udara Kabur,0.7071067811865475,0.7071067811865476,20.0,93.0,0.4,20.11111111111111,92.1111111111111,0
35.73.01.1005,Blimbing,2026-09-30 04:00:00,20.666666666666668,87.0,1.4,86.33333333333333,0.0,Udara Kabur,0.8660254037844386,0.5000000000000001,20.333333333333332,90.0,0.9,20.333333333333332,90.0,0
35.73.01.1005,Blimbing,2026-09-30 05:00:00,21.0,84.0,1.9,82.0,0.0,Cerah Berawan,0.9659258262890683,0.25881904510252074,20.666666666666668,87.0,1.4,20.666666666666668,87.0,0
35.73.01.1005,Blimbing,2026-09-30 06:00:00,23.0,76.0,1.9,63.33333333333333,0.06666666666666667,Cerah Berawan,1.0,6.123233995736766e-17,21.0,84.0,1.9,21.555555555555557,82.33333333333333,1
35.73.01.1005,Blimbing,2026-09-30 07:00:00,25.0,68.0,1.9,44.666666666666664,0.13333333333333333,Cerah Berawan,0.9659258262890683,-0.25881904510252063,23.0,76.0,1.9,23.0,76.0,1
35.73.01.1005,Blimbing,2026-09-30 08:00:00,27.0,60.0,1.9,26.0,0.2,Cerah,0.8660254037844387,-0.4999999999999998,25.0,68.0,1.9,25.0,68.0,1
35.73.01.1005,Blimbing,2026-09-30 09:00:00,28.0,56.333333333333336,2.2333333333333334,40.0,0.2,Cerah,0.7071067811865476,-0.7071067811865475,27.0,60.0,1.9,26.666666666666668,61.44444444444445,1
35.73.01.1005,Blimbing,2026-09-30 10:00:00,29.0,52.666666666666664,2.5666666666666664,54.0,0.2,Cerah,0.49999999999999994,-0.8660254037844387,28.0,56.333333333333336,2.2333333333333334,28.0,56.333333333333336,1
35.73.01.1005,Blimbing,2026-09-30 11:00:00,30.0,49.0,2.9,68.0,0.2,Cerah Berawan,0.258819045102521,-0.9659258262890682,29.0,52.666666666666664,2.5666666666666664,29.0,52.666666666666664,1
35.73.01.1005,Blimbing,2026-09-30 12:00:00,28.666666666666668,55.666666666666664,2.9,65.33333333333333,0.33333333333333337,Cerah Berawan,1.2246467991473532e-16,-1.0,30.0,49.0,2.9,29.222222222222225,52.444444444444436,1
35.73.01.1005,Blimbing,2026-09-30 13:00:00,27.333333333333332,62.333333333333336,2.9,62.666666666666664,0.4666666666666667,Cerah Berawan,-0.2588190451025208,-0.9659258262890683,28.666666666666668,55.666666666666664,2.9,28.666666666666668,55.666666666666664,1
35.73.01.1005,Blimbing,2026-09-30 14:00:00,26.0,69.0,2.9,60.0,0.6,Cerah Berawan,-0.4999999999999997,-0.8660254037844388,27.333333333333332,62.333333333333336,2.9,27.333333333333332,62.333333333333336,1
35.73.01.1005,Blimbing,2026-09-30 15:00:00,25.0,76.33333333333333,3.966666666666667,60.0,0.6,Cerah Berawan,-0.7071067811865471,-0.7071067811865479,26.0,69.0,2.9,26.11111111111111,69.22222222222223,1
35.73.01.1005,Blimbing,2026-09-30 16:00:00,24.0,83.66666666666667,5.033333333333333,60.0,0.6,Cerah Berawan,-0.8660254037844384,-0.5000000000000004,25.0,76.33333333333333,3.966666666666667,25.0,76.33333333333333,1
35.73.01.1005,Blimbing,2026-09-30 17:00:00,23.0,91.0,6.1,60.0,0.6,Cerah,-0.9659258262890683,-0.25881904510252063,24.0,83.66666666666667,5.033333333333333,24.0,83.66666666666667,1
35.73.01.1005,Blimbing,2026-09-30 18:00:00,22.666666666666668,92.66666666666667,6.1,58.666666666666664,0.4,Cerah,-1.0,-1.8369701987210297e-16,23.0,91.0,6.1,23.222222222222225,89.11111111111113,1
35.73.01.1005,Blimbing,2026-09-30 19:00:00,22.333333333333332,94.33333333333333,6.1,57.333333333333336,0.2,Cerah,-0.9659258262890684,0.2588190451025203,22.666666666666668,92.66666666666667,6.1,22.666666666666668,92.66666666666667,1
35.73.01.1005,Blimbing,2026-09-30 20:00:00,22.0,96.0,6.1,56.0,0.0,Cerah,-0.8660254037844386,0.5000000000000001,22.333333333333332,94.33333333333333,6.1,22.333333333333332,94.33333333333333,0
35.73.01.1005,Blimbing,2026-09-30 21:00:00,21.666666666666668,96.33333333333333,4.366666666666666,51.666666666666664,0.0,Cerah,-0.7071067811865477,0.7071067811865474,22.0,96.0,6.1,22.0,95.55555555555554,0
35.73.01.1005,Blimbing,2026-09-30 22:00:00,21.333333333333332,96.66666666666667,2.6333333333333333,47.333333333333336,0.0,Cerah,-0.5000000000000004,0.8660254037844384,21.666666666666668,96.33333333333333,4.366666666666666,21.666666666666668,96.33333333333333,0
35.73.01.1005,Blimbing,2026-09-30 23:00:00,21.0,97.0,0.9,43.0,0.0,Cerah,-0.25881904510252157,0.9659258262890681,21.333333333333332,96.66666666666667,2.6333333333333333,21.333333333333332,96.66666666666667,0
35.73.01.1008,Bunulrejo,2026-09-28 20:00:00,22.0,93.0,0.7,96.0,0.0,Udara Kabur,-0.8660254037844386,0.5000000000000001,,,,,,0
35.73.01.1008,Bunulrejo,2026-09-28 21:00:00,21.333333333333332,93.33333333333333,0.9666666666666666,89.0,0.0,Udara Kabur,-0.7071067811865477,0.7071067811865474,22.0,93.0,0.7,,,0
35.73.01.1008,Bunulrejo,2026-09-28 22:00:00,20.666666666666668,93.66666666666667,1.2333333333333334,82.0,0.0,Udara Kabur,-0.5000000000000004,0.8660254037844384,21.333333333333332,93.33333333333333,0.9666666666666666,21.333333333333332,93.33333333333333,0
35.73.01.1008,Bunulrejo,2026-09-28 23:00:00,20.0,94.0,1.5,75.0,0.0,Udara Kabur,-0.25881904510252157,0.9659258262890681,20.666666666666668,93.66666666666667,1.2333333333333334,20.666666666666668,93.66666666666667,0
35.73.01.1008,Bunulrejo,2026-09-29 00:00:00,20.0,92.0,1.1333333333333333,62.333333333333336,0.0,Udara Kabur,0.0,1.0,20.0,94.0,1.5,20.222222222222225,93.22222222222223,0
35.73.01.1008,Bunulrejo,2026-09-29 01:00:00,20.0,90.0,0.7666666666666666,49.66666666666667,0.0,Udara Kabur,0.25881904510252074,0.9659258262890683,20.0,92.0,1.1333333333333333,20.0,92.0,0
35.73.01.1008,Bunulrejo,2026-09-29 02:00:00,20.0,88.0,0.4,37.0,0.0,Cerah,0.49999999999999994,0.8660254037844387,20.0,90.0,0.7666666666666666,20.0,90.0,0
35.73.01.1008,Bunulrejo,2026-09-29 03:00:00,20.333333333333332,85.66666666666667,0.7,28.0,0.0,Cerah,0.7071067811865475,0.7071067811865476,20.0,88.0,0.4,20.11111111111111,87.8888888888889,0
35.73.01.1008,Bunulrejo,2026-09-29 04:00:00,20.666666666666668,83.33333333333333,1.0,19.0,0.0,Cerah,0.8660254037844386,0.5000000000000001,20.333333333333332,85.66666666666667,0.7,20.333333333333332,85.66666666666667,0
35.73.01.1008,Bunulrejo,2026-09-29 05:00:00,21.0,81.0,1.3,10.0,0.0,Udara Kabur,0.9659258262890683,0.25881904510252074,20.666666666666668,83.33333333333333,1.0,20.666666666666668,83.33333333333333,0
35.73.01.1008,Bunulrejo,2026-09-29 06:00:00,23.333333333333332,73.0,1.4666666666666668,11.0,0.0,Udara Kabur,1.0,6.123233995736766e-17,21.0,81.0,1.3,21.666666666666668,79.1111111111111,0
35.73.01.1008,Bunulrejo,2026-09-29 07:00:00,25.666666666666668,65.0,1.6333333333333333,12.0,0.0,Udara Kabur,0.9659258262890683,-0.25881904510252063,23.333333333333332,73.0,1.4666666666666668,23.333333333333332,73.0,0
35.73.01.1008,Bunulrejo,2026-09-29 08:00:00,28.0,57.0,1.8,13.0,0.0,Cerah,0.8660254037844387,-0.4999999999999998,25.666666666666668,65.0,1.6333333333333333,25.666666666666668,65.0,0
35.73.01.1008,Bunulrejo,2026-09-29 09:00:00,29.0,52.333333333333336,5.566666666666666,17.333333333333332,0.0,Cerah,0.7071067811865476,-0.7071067811865475,28.0,57.0,1.8,27.555555555555557,58.111111111111114,0
35.73.01.1008,Bunulrejo,2026-09-29 10:00:00,30.0,47.666666666666664,9.333333333333332,21.666666666666664,0.0,Cerah,0.49999999999999994,-0.8660254037844387,29.0,52.333333333333336,5.566666666666666,29.0,52.333333333333336,0
35.73.01.1008,Bunulrejo,2026-09-29 11:00:00,31.0,43.0,13.1,26.0,0.0,Cerah,0.258819045102521,-0.9659258262890682,30.0,47.666666666666664,9.333333333333332,30.0,47.666666666666664,0
35.73.01.1008,Bunulrejo,2026-09-29 12:00:00,30.666666666666668,43.0,9.933333333333334,31.333333333333332,0.0,Cerah,1.2246467991473532e-16,-1.0,31.0,43.0,13.1,30.555555555555557,44.55555555555555,0
35.73.01.1008,Bunulrejo,2026-09-29 13:00:00,30.333333333333332,43.0,6.766666666666667,36.666666666666664,0.0,Cerah,-0.2588190451025208,-0.9659258262890683,30.666666666666668,43.0,9.933333333333334,30.666666666666668,43.0,0
35.73.01.1008,Bunulrejo,2026-09-29 14:00:00,30.0,43.0,3.6,42.0,0.0,Cerah,-0.4999999999999997,-0.8660254037844388,30.333333333333332,43.0,6.766666666666667,30.333333333333332,43.0,0
35.73.01.1008,Bunulrejo,2026-09-29 15:00:00,28.0,53.0,4.066666666666666,38.666666666666664,0.0,Cerah,-0.7071067811865471,-0.7071067811865479,30.0,43.0,3.6,29.444444444444443,46.333333333333336,0
35.73.01.1008,Bunulrejo,2026-09-29 16:00:00,26.0,63.0,4.533333333333333,35.333333333333336,0.0,Cerah,-0.8660254037844384,-0.5000000000000004,28.0,53.0,4.066666666666666,28.0,53.0,0
35.73.01.1008,Bunulrejo,2026-09-29 17:00:00,24.0,73.0,5.0,32.0,0.0,Cerah,-0.9659258262890683,-0.25881904510252063,26.0,63.0,4.533333333333333,26.0,63.0,0
35.73.01.1008,Bunulrejo,2026-09-29 18:00:00,23.333333333333332,78.66666666666667,4.2,27.0,0.0,Cerah,-1.0,-1.8369701987210297e-16,24.0,73.0,5.0,24.444444444444443,71.55555555555556,0
35.73.01.1008,Bunulrejo,2026-09-29 19:00:00,22.666666666666668,84.33333333333333,3.4000000000000004,22.0,0.0,Cerah,-0.9659258262890684,0.2588190451025203,23.333333333333332,78.66666666666667,4.2,23.333333333333332,78.66666666666667,0
35.73.01.1008,Bunulrejo,2026-09-29 20:00:00,22.0,90.0,2.6,17.0,0.0,Cerah,-0.8660254037844386,0.5000000000000001,22.666666666666668,84.33333333333333,3.4000000000000004,22.666666666666668,84.33333333333333,0
35.73.01.1008,Bunulrejo,2026-09-29 21:00:00,21.666666666666668,91.66666666666667,2.1333333333333333,22.666666666666668,0.0,Cerah,-0.7071067811865477,0.7071067811865474,22.0,90.0,2.6,22.111111111111114,88.66666666666667,0
35.73.01.1008,Bunulrejo,2026-09-29 22:00:00,21.333333333333332,93.33333333333333,1.6666666666666665,28.333333333333336,0.0,Cerah,-0.5000000000000004,0.8660254037844384,21.666666666666668,91.66666666666667,2.1333333333333333,21.666666666666668,91.66666666666667,0
35.73.01.1008,Bunulrejo,2026-09-29 23:00:00,21.0,95.0,1.2,34.0,0.0,Cerah,-0.25881904510252157,0.9659258262890681,21.333333333333332,93.33333333333333,1.6666666666666665,21.333333333333332,93.33333333333333,0
35.73.01.1008,Bunulrejo,2026-09-30 00:00:00,20.666666666666668,94.33333333333333,0.9333333333333333,54.33333333333333,0.0,Cerah,0.0,1.0,21.0,95.0,1.2,21.0,94.22222222222221,0
35.73.01.1008,Bunulrejo,2026-09-30 01:00:00,20.333333333333332,93.66666666666667,0.6666666666666666,74.66666666666666,0.0,Cerah,0.25881904510252074,0.9659258262890683,20.666666666666668,94.33333333333333,0.9333333333333333,20.666666666666668,94.33333333333333,0
35.73.01.1008,Bunulrejo,2026-09-30 02:00:00,20.0,93.0,0.4,95.0,0.0,Udara Kabur,0.49999999999999994,0.8660254037844387,20.333333333333332,93.66666666666667,0.6666666666666666,20.333333333333332,93.66666666666667,0
35.73.01.1008,Bunulrejo,2026-09-30 03:00:00,20.333333333333332,90.33333333333333,0.9,91.0,0.0,Udara Kabur,0.7071067811865475,0.7071067811865476,20.0,93.0,0.4,20.222222222222218,92.33333333333333,0
35.73.01.1008,Bunulrejo,2026-09-30 04:00:00,20.666666666666668,87.66666666666667,1.4,87.0,0.0,Udara Kabur,0.8660254037844386,0.5000000000000001,20.333333333333332,90.33333333333333,0.9,20.333333333333332,90.33333333333333,0
35.73.01.1008,Bunulrejo,2026-09-30 05:00:00,21.0,85.0,1.9,83.0,0.0,Cerah Berawan,0.9659258262890683,0.25881904510252074,20.666666666666668,87.66666666666667,1.4,20.666666666666668,87.66666666666667,0
35.73.01.1008,Bunulrejo,2026-09-30 06:00:00,23.0,76.66666666666667,1.9,63.0,0.03333333333333333,Cerah Berawan,1.0,6.123233995736766e-17,21.0,85.0,1.9,21.555555555555557,83.11111111111113,1
35.73.01.1008,Bunulrejo,2026-09-30 07:00:00,25.0,68.33333333333333,1.9,43.0,0.06666666666666667,Cerah Berawan,0.9659258262890683,-0.25881904510252063,23.0,76.66666666666667,1.9,23.0,76.66666666666667,1
35.73.01.1008,Bunulrejo,2026-09-30 08:00:00,27.0,60.0,1.9,23.0,0.1,Cerah,0.8660254037844387,-0.4999999999999998,25.0,68.33333333333333,1.9,25.0,68.33333333333333,1
35.73.01.1008,Bunulrejo,2026-09-30 09:00:00,28.333333333333332,55.666666666666664,2.2333333333333334,37.333333333333336,0.1,Cerah,0.7071067811865476,-0.7071067811865475,27.0,60.0,1.9,26.777777777777775,61.33333333333332,1
35.73.01.1008,Bunulrejo,2026-09-30 10:00:00,29.666666666666668,51.333333333333336,2.5666666666666664,51.66666666666667,0.1,Cerah,0.49999999999999994,-0.8660254037844387,28.333333333333332,55.666666666666664,2.2333333333333334,28.333333333333332,55.666666666666664,1
35.73.01.1008,Bunulrejo,2026-09-30 11:00:00,31.0,47.0,2.9,66.0,0.1,Cerah Berawan,0.258819045102521,-0.9659258262890682,29.666666666666668,51.333333333333336,2.5666666666666664,29.666666666666668,51.333333333333336,1
35.73.01.1008,Bunulrejo,2026-09-30 12:00:00,29.333333333333332,54.666666666666664,2.9,63.333333333333336,0.26666666666666666,Cerah Berawan,1.2246467991473532e-16,-1.0,31.0,47.0,2.9,30.0,51.0,1
35.73.01.1008,Bunulrejo,2026-09-30 13:00:00,27.666666666666668,62.333333333333336,2.9,60.666666666666664,0.43333333333333335,Cerah Berawan,-0.2588190451025208,-0.9659258262890683,29.333333333333332,54.666666666666664,2.9,29.333333333333332,54.666666666666664,1
35.73.01.1008,Bunulrejo,2026-09-30 14:00:00,26.0,70.0,2.9,58.0,0.6,Cerah,-0.4999999999999997,-0.8660254037844388,27.666666666666668,62.333333333333336,2.9,27.666666666666668,62.333333333333336,1
35.73.01.1008,Bunulrejo,2026-09-30 15:00:00,25.0,77.33333333333333,3.966666666666667,59.0,0.6,Cerah,-0.7071067811865471,-0.7071067811865479,26.0,70.0,2.9,26.222222222222225,69.8888888888889,1
35.73.01.1008,Bunulrejo,2026-09-30 16:00:00,24.0,84.66666666666667,5.033333333333333,60.0,0.6,Cerah,-0.8660254037844384,-0.5000000000000004,25.0,77.33333333333333,3.966666666666667,25.0,77.33333333333333,1
35.73.01.1008,Bunulrejo,2026-09-30 17:00:00,23.0,92.0,6.1,61.0,0.6,Cerah Berawan,-0.9659258262890683,-0.25881904510252063,24.0,84.66666666666667,5.033333333333333,24.0,84.66666666666667,1
35.73.01.1008,Bunulrejo,2026-09-30 18:00:00,22.666666666666668,93.33333333333333,6.1,57.666666666666664,0.4,Cerah Berawan,-1.0,-1.8369701987210297e-16,23.0,92.0,6.1,23.222222222222225,90.0,1
35.73.01.1008,Bunulrejo,2026-09-30 19:00:00,22.333333333333332,94.66666666666667,6.1,54.333333333333336,0.2,Cerah Berawan,-0.9659258262890684,0.2588190451025203,22.666666666666668,93.33333333333333,6.1,22.666666666666668,93.33333333333333,1
35.73.01.1008,Bunulrejo,2026-09-30 20:00:00,22.0,96.0,6.1,51.0,0.0,Cerah,-0.8660254037844386,0.5000000000000001,22.333333333333332,94.66666666666667,6.1,22.333333333333332,94.66666666666667,0
35.73.01.1008,Bunulrejo,2026-09-30 21:00:00,21.666666666666668,96.0,4.366666666666666,48.666666666666664,0.0,Cerah,-0.7071067811865477,0.7071067811865474,22.0,96.0,6.1,22.0,95.55555555555556,0
35.73.01.1008,Bunulrejo,2026-09-30 22:00:00,21.333333333333332,96.0,2.6333333333333333,46.333333333333336,0.0,Cerah,-0.5000000000000004,0.8660254037844384,21.666666666666668,96.0,4.366666666666666,21.666666666666668,96.0,0
35.73.01.1008,Bunulrejo,2026-09-30 23:00:00,21.0,96.0,0.9,44.0,0.0,Cerah,-0.25881904510252157,0.9659258262890681,21.333333333333332,96.0,2.6333333333333333,21.333333333333332,96.0,0
35.73.01.1009,Kesatrian,2026-09-28 20:00:00,22.0,93.0,0.7,96.0,0.0,Udara Kabur,-0.8660254037844386,0.5000000000000001,,,,,,0
35.73.01.1009,Kesatrian,2026-09-28 21:00:00,21.333333333333332,93.33333333333333,0.9666666666666666,89.0,0.0,Udara Kabur,-0.7071067811865477,0.7071067811865474,22.0,93.0,0.7,,,0
35.73.01.1009,Kesatrian,2026-09-28 22:00:00,20.666666666666668,93.66666666666667,1.2333333333333334,82.0,0.0,Udara Kabur,-0.5000000000000004,0.8660254037844384,21.333333333333332,93.33333333333333,0.9666666666666666,21.333333333333332,93.33333333333333,0
35.73.01.1009,Kesatrian,2026-09-28 23:00:00,20.0,94.0,1.5,75.0,0.0,Udara Kabur,-0.25881904510252157,0.9659258262890681,20.666666666666668,93.66666666666667,1.2333333333333334,20.666666666666668,93.66666666666667,0
35.73.01.1009,Kesatrian,2026-09-29 00:00:00,20.0,92.0,1.1333333333333333,62.333333333333336,0.0,Udara Kabur,0.0,1.0,20.0,94.0,1.5,20.222222222222225,93.22222222222223,0
35.73.01.1009,Kesatrian,2026-09-29 01:00:00,20.0,90.0,0.7666666666666666,49.66666666666667,0.0,Udara Kabur,0.25881904510252074,0.9659258262890683,20.0,92.0,1.1333333333333333,20.0,92.0,0
35.73.01.1009,Kesatrian,2026-09-29 02:00:00,20.0,88.0,0.4,37.0,0.0,Cerah,0.49999999999999994,0.8660254037844387,20.0,90.0,0.7666666666666666,20.0,90.0,0
35.73.01.1009,Kesatrian,2026-09-29 03:00:00,20.333333333333332,85.66666666666667,0.7,28.0,0.0,Cerah,0.7071067811865475,0.7071067811865476,20.0,88.0,0.4,20.11111111111111,87.8888888888889,0
35.73.01.1009,Kesatrian,2026-09-29 04:00:00,20.666666666666668,83.33333333333333,1.0,19.0,0.0,Cerah,0.8660254037844386,0.5000000000000001,20.333333333333332,85.66666666666667,0.7,20.333333333333332,85.66666666666667,0
35.73.01.1009,Kesatrian,2026-09-29 05:00:00,21.0,81.0,1.3,10.0,0.0,Udara Kabur,0.9659258262890683,0.25881904510252074,20.666666666666668,83.33333333333333,1.0,20.666666666666668,83.33333333333333,0
35.73.01.1009,Kesatrian,2026-09-29 06:00:00,23.333333333333332,73.0,1.4666666666666668,11.0,0.0,Udara Kabur,1.0,6.123233995736766e-17,21.0,81.0,1.3,21.666666666666668,79.1111111111111,0
35.73.01.1009,Kesatrian,2026-09-29 07:00:00,25.666666666666668,65.0,1.6333333333333333,12.0,0.0,Udara Kabur,0.9659258262890683,-0.25881904510252063,23.333333333333332,73.0,1.4666666666666668,23.333333333333332,73.0,0
35.73.01.1009,Kesatrian,2026-09-29 08:00:00,28.0,57.0,1.8,13.0,0.0,Cerah,0.8660254037844387,-0.4999999999999998,25.666666666666668,65.0,1.6333333333333333,25.666666666666668,65.0,0
35.73.01.1009,Kesatrian,2026-09-29 09:00:00,29.0,52.333333333333336,5.566666666666666,17.333333333333332,0.0,Cerah,0.7071067811865476,-0.7071067811865475,28.0,57.0,1.8,27.555555555555557,58.111111111111114,0
35.73.01.1009,Kesatrian,2026-09-29 10:00:00,30.0,47.666666666666664,9.333333333333332,21.666666666666664,0.0,Cerah,0.49999999999999994,-0.8660254037844387,29.0,52.333333333333336,5.566666666666666,29.0,52.333333333333336,0
35.73.01.1009,Kesatrian,2026-09-29 11:00:00,31.0,43.0,13.1,26.0,0.0,Cerah,0.258819045102521,-0.9659258262890682,30.0,47.666666666666664,9.333333333333332,30.0,47.666666666666664,0
35.73.01.1009,Kesatrian,2026-09-29 12:00:00,30.666666666666668,43.0,9.933333333333334,31.333333333333332,0.0,Cerah,1.2246467991473532e-16,-1.0,31.0,43.0,13.1,30.555555555555557,44.55555555555555,0
35.73.01.1009,Kesatrian,2026-09-29 13:00:00,30.333333333333332,43.0,6.766666666666667,36.666666666666664,0.0,Cerah,-0.2588190451025208,-0.9659258262890683,30.666666666666668,43.0,9.933333333333334,30.666666666666668,43.0,0
35.73.01.1009,Kesatrian,2026-09-29 14:00:00,30.0,43.0,3.6,42.0,0.0,Cerah,-0.4999999999999997,-0.8660254037844388,30.333333333333332,43.0,6.766666666666667,30.333333333333332,43.0,0
35.73.01.1009,Kesatrian,2026-09-29 15:00:00,28.0,53.0,4.066666666666666,38.666666666666664,0.0,Cerah,-0.7071067811865471,-0.7071067811865479,30.0,43.0,3.6,29.444444444444443,46.333333333333336,0
35.73.01.1009,Kesatrian,2026-09-29 16:00:00,26.0,63.0,4.533333333333333,35.333333333333336,0.0,Cerah,-0.8660254037844384,-0.5000000000000004,28.0,53.0,4.066666666666666,28.0,53.0,0
35.73.01.1009,Kesatrian,2026-09-29 17:00:00,24.0,73.0,5.0,32.0,0.0,Cerah,-0.9659258262890683,-0.25881904510252063,26.0,63.0,4.533333333333333,26.0,63.0,0
35.73.01.1009,Kesatrian,2026-09-29 18:00:00,23.333333333333332,78.66666666666667,4.2,27.0,0.0,Cerah,-1.0,-1.8369701987210297e-16,24.0,73.0,5.0,24.444444444444443,71.55555555555556,0
35.73.01.1009,Kesatrian,2026-09-29 19:00:00,22.666666666666668,84.33333333333333,3.4000000000000004,22.0,0.0,Cerah,-0.9659258262890684,0.2588190451025203,23.333333333333332,78.66666666666667,4.2,23.333333333333332,78.66666666666667,0
35.73.01.1009,Kesatrian,2026-09-29 20:00:00,22.0,90.0,2.6,17.0,0.0,Cerah,-0.8660254037844386,0.5000000000000001,22.666666666666668,84.33333333333333,3.4000000000000004,22.666666666666668,84.33333333333333,0
35.73.01.1009,Kesatrian,2026-09-29 21:00:00,21.666666666666668,91.66666666666667,2.1333333333333333,22.666666666666668,0.0,Cerah,-0.7071067811865477,0.7071067811865474,22.0,90.0,2.6,22.111111111111114,88.66666666666667,0
35.73.01.1009,Kesatrian,2026-09-29 22:00:00,21.333333333333332,93.33333333333333,1.6666666666666665,28.333333333333336,0.0,Cerah,-0.5000000000000004,0.8660254037844384,21.666666666666668,91.66666666666667,2.1333333333333333,21.666666666666668,91.66666666666667,0
35.73.01.1009,Kesatrian,2026-09-29 23:00:00,21.0,95.0,1.2,34.0,0.0,Cerah,-0.25881904510252157,0.9659258262890681,21.333333333333332,93.33333333333333,1.6666666666666665,21.333333333333332,93.33333333333333,0
35.73.01.1009,Kesatrian,2026-09-30 00:00:00,20.666666666666668,94.33333333333333,0.9333333333333333,54.33333333333333,0.0,Cerah,0.0,1.0,21.0,95.0,1.2,21.0,94.22222222222221,0
35.73.01.1009,Kesatrian,2026-09-30 01:00:00,20.333333333333332,93.66666666666667,0.6666666666666666,74.66666666666666,0.0,Cerah,0.25881904510252074,0.9659258262890683,20.666666666666668,94.33333333333333,0.9333333333333333,20.666666666666668,94.33333333333333,0
35.73.01.1009,Kesatrian,2026-09-30 02:00:00,20.0,93.0,0.4,95.0,0.0,Udara Kabur,0.49999999999999994,0.8660254037844387,20.333333333333332,93.66666666666667,0.6666666666666666,20.333333333333332,93.66666666666667,0
35.73.01.1009,Kesatrian,2026-09-30 03:00:00,20.333333333333332,90.33333333333333,0.9,91.0,0.0,Udara Kabur,0.7071067811865475,0.7071067811865476,20.0,93.0,0.4,20.222222222222218,92.33333333333333,0
35.73.01.1009,Kesatrian,2026-09-30 04:00:00,20.666666666666668,87.66666666666667,1.4,87.0,0.0,Udara Kabur,0.8660254037844386,0.5000000000000001,20.333333333333332,90.33333333333333,0.9,20.333333333333332,90.33333333333333,0
35.73.01.1009,Kesatrian,2026-09-30 05:00:00,21.0,85.0,1.9,83.0,0.0,Cerah Berawan,0.9659258262890683,0.25881904510252074,20.666666666666668,87.66666666666667,1.4,20.666666666666668,87.66666666666667,0
35.73.01.1009,Kesatrian,2026-09-30 06:00:00,23.0,76.66666666666667,1.9,63.0,0.03333333333333333,Cerah Berawan,1.0,6.123233995736766e-17,21.0,85.0,1.9,21.555555555555557,83.11111111111113,1
35.73.01.1009,Kesatrian,2026-09-30 07:00:00,25.0,68.33333333333333,1.9,43.0,0.06666666666666667,Cerah Berawan,0.9659258262890683,-0.25881904510252063,23.0,76.66666666666667,1.9,23.0,76.66666666666667,1
35.73.01.1009,Kesatrian,2026-09-30 08:00:00,27.0,60.0,1.9,23.0,0.1,Cerah,0.8660254037844387,-0.4999999999999998,25.0,68.33333333333333,1.9,25.0,68.33333333333333,1
35.73.01.1009,Kesatrian,2026-09-30 09:00:00,28.333333333333332,55.666666666666664,2.2333333333333334,37.333333333333336,0.1,Cerah,0.7071067811865476,-0.7071067811865475,27.0,60.0,1.9,26.777777777777775,61.33333333333332,1
35.73.01.1009,Kesatrian,2026-09-30 10:00:00,29.666666666666668,51.333333333333336,2.5666666666666664,51.66666666666667,0.1,Cerah,0.49999999999999994,-0.8660254037844387,28.333333333333332,55.666666666666664,2.2333333333333334,28.333333333333332,55.666666666666664,1
35.73.01.1009,Kesatrian,2026-09-30 11:00:00,31.0,47.0,2.9,66.0,0.1,Cerah Berawan,0.258819045102521,-0.9659258262890682,29.666666666666668,51.333333333333336,2.5666666666666664,29.666666666666668,51.333333333333336,1
35.73.01.1009,Kesatrian,2026-09-30 12:00:00,29.333333333333332,54.666666666666664,2.9,63.333333333333336,0.26666666666666666,Cerah Berawan,1.2246467991473532e-16,-1.0,31.0,47.0,2.9,30.0,51.0,1
35.73.01.1009,Kesatrian,2026-09-30 13:00:00,27.666666666666668,62.333333333333336,2.9,60.666666666666664,0.43333333333333335,Cerah Berawan,-0.2588190451025208,-0.9659258262890683,29.333333333333332,54.666666666666664,2.9,29.333333333333332,54.666666666666664,1
35.73.01.1009,Kesatrian,2026-09-30 14:00:00,26.0,70.0,2.9,58.0,0.6,Cerah,-0.4999999999999997,-0.8660254037844388,27.666666666666668,62.333333333333336,2.9,27.666666666666668,62.333333333333336,1
35.73.01.1009,Kesatrian,2026-09-30 15:00:00,25.0,77.33333333333333,3.966666666666667,59.0,0.6,Cerah,-0.7071067811865471,-0.7071067811865479,26.0,70.0,2.9,26.222222222222225,69.8888888888889,1
35.73.01.1009,Kesatrian,2026-09-30 16:00:00,24.0,84.66666666666667,5.033333333333333,60.0,0.6,Cerah,-0.8660254037844384,-0.5000000000000004,25.0,77.33333333333333,3.966666666666667,25.0,77.33333333333333,1
35.73.01.1009,Kesatrian,2026-09-30 17:00:00,23.0,92.0,6.1,61.0,0.6,Cerah Berawan,-0.9659258262890683,-0.25881904510252063,24.0,84.66666666666667,5.033333333333333,24.0,84.66666666666667,1
35.73.01.1009,Kesatrian,2026-09-30 18:00:00,22.666666666666668,93.33333333333333,6.1,57.666666666666664,0.4,Cerah Berawan,-1.0,-1.8369701987210297e-16,23.0,92.0,6.1,23.222222222222225,90.0,1
35.73.01.1009,Kesatrian,2026-09-30 19:00:00,22.333333333333332,94.66666666666667,6.1,54.333333333333336,0.2,Cerah Berawan,-0.9659258262890684,0.2588190451025203,22.666666666666668,93.33333333333333,6.1,22.666666666666668,93.33333333333333,1
35.73.01.1009,Kesatrian,2026-09-30 20:00:00,22.0,96.0,6.1,51.0,0.0,Cerah,-0.8660254037844386,0.5000000000000001,22.333333333333332,94.66666666666667,6.1,22.333333333333332,94.66666666666667,0
35.73.01.1009,Kesatrian,2026-09-30 21:00:00,21.666666666666668,96.0,4.366666666666666,48.666666666666664,0.0,Cerah,-0.7071067811865477,0.7071067811865474,22.0,96.0,6.1,22.0,95.55555555555556,0
35.73.01.1009,Kesatrian,2026-09-30 22:00:00,21.333333333333332,96.0,2.6333333333333333,46.333333333333336,0.0,Cerah,-0.5000000000000004,0.8660254037844384,21.666666666666668,96.0,4.366666666666666,21.666666666666668,96.0,0
35.73.01.1009,Kesatrian,2026-09-30 23:00:00,21.0,96.0,0.9,44.0,0.0,Cerah,-0.25881904510252157,0.9659258262890681,21.333333333333332,96.0,2.6333333333333333,21.333333333333332,96.0,0
35.73.02.1001,Klojen,2026-09-28 20:00:00,21.0,94.0,1.7,96.0,0.0,Udara Kabur,-0.8660254037844386,0.5000000000000001,,,,,,0
35.73.02.1001,Klojen,2026-09-28 21:00:00,20.666666666666668,94.0,2.033333333333333,89.33333333333333,0.0,Udara Kabur,-0.7071067811865477,0.7071067811865474,21.0,94.0,1.7,,,0
35.73.02.1001,Klojen,2026-09-28 22:00:00,20.333333333333332,94.0,2.3666666666666667,82.66666666666667,0.0,Udara Kabur,-0.5000000000000004,0.8660254037844384,20.666666666666668,94.0,2.033333333333333,20.666666666666668,94.0,0
35.73.02.1001,Klojen,2026-09-28 23:00:00,20.0,94.0,2.7,76.0,0.0,Udara Kabur,-0.25881904510252157,0.9659258262890681,20.333333333333332,94.0,2.3666666666666667,20.333333333333332,94.0,0
35.73.02.1001,Klojen,2026-09-29 00:00:00,20.0,92.33333333333333,2.666666666666667,62.666666666666664,0.0,Udara Kabur,0.0,1.0,20.0,94.0,2.7,20.11111111111111,93.44444444444444,0
35.73.02.1001,Klojen,2026-09-29 01:00:00,20.0,90.66666666666667,2.6333333333333333,49.33333333333333,0.0,Udara Kabur,0.25881904510252074,0.9659258262890683,20.0,92.33333333333333,2.666666666666667,20.0,92.33333333333333,0
35.73.02.1001,Klojen,2026-09-29 02:00:00,20.0,89.0,2.6,36.0,0.0,Udara Kabur,0.49999999999999994,0.8660254037844387,20.0,90.66666666666667,2.6333333333333333,20.0,90.66666666666667,0
35.73.02.1001,Klojen,2026-09-29 03:00:00,20.333333333333332,86.66666666666667,2.3,26.666666666666664,0.0,Udara Kabur,0.7071067811865475,0.7071067811865476,20.0,89.0,2.6,20.11111111111111,88.77777777777779,0
35.73.02.1001,Klojen,2026-09-29 04:00:00,20.666666666666668,84.33333333333333,2.0,17.333333333333332,0.0,Udara Kabur,0.8660254037844386,0.5000000000000001,20.333333333333332,86.66666666666667,2.3,20.333333333333332,86.66666666666667,0
35.73.02.1001,Klojen,2026-09-29 05:00:00,21.0,82.0,1.7,8.0,0.0,Udara Kabur,0.9659258262890683,0.25881904510252074,20.666666666666668,84.33333333333333,2.0,20.666666666666668,84.33333333333333,0
35.73.02.1001,Klojen,2026-09-29 06:00:00,23.0,74.33333333333333,3.6,9.333333333333334,0.0,Udara Kabur,1.0,6.123233995736766e-17,21.0,82.0,1.7,21.555555555555557,80.22222222222221,0
35.73.02.1001,Klojen,2026-09-29 07:00:00,25.0,66.66666666666667,5.5,10.666666666666666,0.0,Udara Kabur,0.9659258262890683,-0.25881904510252063,23.0,74.33333333333333,3.6,23.0,74.33333333333333,0
35.73.02.1001,Klojen,2026-09-29 08:00:00,27.0,59.0,7.4,12.0,0.0,Cerah,0.8660254037844387,-0.4999999999999998,25.0,66.66666666666667,5.5,25.0,66.66666666666667,0
35.73.02.1001,Klojen,2026-09-29 09:00:00,28.333333333333332,54.0,6.9,18.333333333333332,0.0,Cerah,0.7071067811865476,-0.7071067811865475,27.0,59.0,7.4,26.777777777777775,59.88888888888889,0
35.73.02.1001,Klojen,2026-09-29 10:00:00,29.666666666666668,49.0,6.4,24.666666666666664,0.0,Cerah,0.49999999999999994,-0.8660254037844387,28.333333333333332,54.0,6.9,28.333333333333332,54.0,0
35.73.02.1001,Klojen,2026-09-29 11:00:00,31.0,44.0,5.9,31.0,0.0,Cerah,0.258819045102521,-0.9659258262890682,29.666666666666668,49.0,6.4,29.666666666666668,49.0,0
35.73.02.1001,Klojen,2026-09-29 12:00:00,30.333333333333332,44.333333333333336,6.166666666666667,36.0,0.0,Cerah,1.2246467991473532e-16,-1.0,31.0,44.0,5.9,30.333333333333332,45.77777777777778,0
35.73.02.1001,Klojen,2026-09-29 13:00:00,29.666666666666668,44.666666666666664,6.433333333333334,41.0,0.0,Cerah,-0.2588190451025208,-0.9659258262890683,30.333333333333332,44.333333333333336,6.166666666666667,30.333333333333332,44.333333333333336,0
35.73.02.1001,Klojen,2026-09-29 14:00:00,29.0,45.0,6.7,46.0,0.0,Cerah,-0.4999999999999997,-0.8660254037844388,29.666666666666668,44.666666666666664,6.433333333333334,29.666666666666668,44.666666666666664,0
35.73.02.1001,Klojen,2026-09-29 15:00:00,27.333333333333332,55.333333333333336,6.0,42.0,0.0,Cerah,-0.7071067811865471,-0.7071067811865479,29.0,45.0,6.7,28.666666666666668,48.333333333333336,0
35.73.02.1001,Klojen,2026-09-29 16:00:00,25.666666666666668,65.66666666666667,5.3,38.0,0.0,Cerah,-0.8660254037844384,-0.5000000000000004,27.333333333333332,55.333333333333336,6.0,27.333333333333332,55.333333333333336,0
35.73.02.1001,Klojen,2026-09-29 17:00:00,24.0,76.0,4.6,34.0,0.0,Cerah,-0.9659258262890683,-0.25881904510252063,25.666666666666668,65.66666666666667,5.3,25.666666666666668,65.66666666666667,0
35.73.02.1001,Klojen,2026-09-29 18:00:00,23.333333333333332,81.0,3.6999999999999997,28.666666666666668,0.0,Cerah,-1.0,-1.8369701987210297e-16,24.0,76.0,4.6,24.333333333333332,74.22222222222221,0
35.73.02.1001,Klojen,2026-09-29 19:00:00,22.666666666666668,86.0,2.8,23.333333333333336,0.0,Cerah,-0.9659258262890684,0.2588190451025203,23.333333333333332,81.0,3.6999999999999997,23.333333333333332,81.0,0
35.73.02.1001,Klojen,2026-09-29 20:00:00,22.0,91.0,1.9,18.0,0.0,Cerah,-0.8660254037844386,0.5000000000000001,22.666666666666668,86.0,2.8,22.666666666666668,86.0,0
35.73.02.1001,Klojen,2026-09-29 21:00:00,21.333333333333332,92.33333333333333,1.8,25.0,0.0,Cerah,-0.7071067811865477,0.7071067811865474,22.0,91.0,1.9,22.0,89.77777777777777,0
35.73.02.1001,Klojen,2026-09-29 22:00:00,20.666666666666668,93.66666666666667,1.7,32.0,0.0,Cerah,-0.5000000000000004,0.8660254037844384,21.333333333333332,92.33333333333333,1.8,21.333333333333332,92.33333333333333,0
35.73.02.1001,Klojen,2026-09-29 23:00:00,20.0,95.0,1.6,39.0,0.0,Udara Kabur,-0.25881904510252157,0.9659258262890681,20.666666666666668,93.66666666666667,1.7,20.666666666666668,93.66666666666667,0
35.73.02.1001,Klojen,2026-09-30 00:00:00,20.0,94.33333333333333,1.5333333333333334,57.66666666666667,0.0,Udara Kabur,0.0,1.0,20.0,95.0,1.6,20.222222222222225,94.33333333333333,0
35.73.02.1001,Klojen,2026-09-30 01:00:00,20.0,93.66666666666667,1.4666666666666666,76.33333333333334,0.0,Udara Kabur,0.25881904510252074,0.9659258262890683,20.0,94.33333333333333,1.5333333333333334,20.0,94.33333333333333,0
35.73.02.1001,Klojen,2026-09-30 02:00:00,20.0,93.0,1.4,95.0,0.0,Udara Kabur,0.49999999999999994,0.8660254037844387,20.0,93.66666666666667,1.4666666666666666,20.0,93.66666666666667,0
35.73.02.1001,Klojen,2026-09-30 03:00:00,20.333333333333332,90.0,1.3,91.0,0.0,Udara Kabur,0.7071067811865475,0.7071067811865476,20.0,93.0,1.4,20.11111111111111,92.22222222222223,0
35.73.02.1001,Klojen,2026-09-30 04:00:00,20.666666666666668,87.0,1.2,87.0,0.0,Udara Kabur,0.8660254037844386,0.5000000000000001,20.333333333333332,90.0,1.3,20.333333333333332,90.0,0
35.73.02.1001,Klojen,2026-09-30 05:00:00,21.0,84.0,1.1,83.0,0.0,Cerah Berawan,0.9659258262890683,0.25881904510252074,20.666666666666668,87.0,1.2,20.666666666666668,87.0,0
35.73.02.1001,Klojen,2026-09-30 06:00:00,23.0,76.33333333333333,1.1,63.0,0.03333333333333333,Cerah Berawan,1.0,6.123233995736766e-17,21.0,84.0,1.1,21.555555555555557,82.44444444444444,1
35.73.02.1001,Klojen,2026-09-30 07:00:00,25.0,68.66666666666667,1.1,43.0,0.06666666666666667,Cerah Berawan,0.9659258262890683,-0.25881904510252063,23.0,76.33333333333333,1.1,23.0,76.33333333333333,1
35.73.02.1001,Klojen,2026-09-30 08:00:00,27.0,61.0,1.1,23.0,0.1,Cerah,0.8660254037844387,-0.4999999999999998,25.0,68.66666666666667,1.1,25.0,68.66666666666667,1
35.73.02.1001,Klojen,2026-09-30 09:00:00,28.0,56.666666666666664,2.066666666666667,39.33333333333333,0.1,Cerah,0.7071067811865476,-0.7071067811865475,27.0,61.0,1.1,26.666666666666668,62.111111111111114,1
35.73.02.1001,Klojen,2026-09-30 10:00:00,29.0,52.333333333333336,3.033333333333333,55.666666666666664,0.1,Cerah,0.49999999999999994,-0.8660254037844387,28.0,56.666666666666664,2.066666666666667,28.0,56.666666666666664,1
35.73.02.1001,Klojen,2026-09-30 11:00:00,30.0,48.0,4.0,72.0,0.1,Cerah Berawan,0.258819045102521,-0.9659258262890682,29.0,52.333333333333336,3.033333333333333,29.0,52.333333333333336,1
35.73.02.1001,Klojen,2026-09-30 12:00:00,28.666666666666668,57.0,4.0,69.33333333333333,0.3666666666666667,Cerah Berawan,1.2246467991473532e-16,-1.0,30.0,48.0,4.0,29.222222222222225,52.44444444444445,1
35.73.02.1001,Klojen,2026-09-30 13:00:00,27.333333333333332,66.0,4.0,66.66666666666667,0.6333333333333333,Cerah Berawan,-0.2588190451025208,-0.9659258262890683,28.666666666666668,57.0,4.0,28.666666666666668,57.0,1
35.73.02.1001,Klojen,2026-09-30 14:00:00,26.0,75.0,4.0,64.0,0.9,Cerah Berawan,-0.4999999999999997,-0.8660254037844388,27.333333333333332,66.0,4.0,27.333333333333332,66.0,1
35.73.02.1001,Klojen,2026-09-30 15:00:00,25.0,81.33333333333333,4.233333333333333,67.66666666666667,0.9,Cerah Berawan,-0.7071067811865471,-0.7071067811865479,26.0,75.0,4.0,26.11111111111111,74.1111111111111,1
35.73.02.1001,Klojen,2026-09-30 16:00:00,24.0,87.66666666666667,4.466666666666667,71.33333333333333,0.9,Cerah Berawan,-0.8660254037844384,-0.5000000000000004,25.0,81.33333333333333,4.233333333333333,25.0,81.33333333333333,1
35.73.02.1001,Klojen,2026-09-30 17:00:00,23.0,94.0,4.7,75.0,0.9,Cerah Berawan,-0.9659258262890683,-0.25881904510252063,24.0,87.66666666666667,4.466666666666667,24.0,87.66666666666667,1
35.73.02.1001,Klojen,2026-09-30 18:00:00,22.666666666666668,95.0,4.7,67.33333333333333,0.6000000000000001,Cerah Berawan,-1.0,-1.8369701987210297e-16,23.0,94.0,4.7,23.222222222222225,92.22222222222223,1
35.73.02.1001,Klojen,2026-09-30 19:00:00,22.333333333333332,96.0,4.7,59.666666666666664,0.30000000000000004,Cerah Berawan,-0.9659258262890684,0.2588190451025203,22.666666666666668,95.0,4.7,22.666666666666668,95.0,1
35.73.02.1001,Klojen,2026-09-30 20:00:00,22.0,97.0,4.7,52.0,0.0,Cerah,-0.8660254037844386,0.5000000000000001,22.333333333333332,96.0,4.7,22.333333333333332,96.0,0
35.73.02.1001,Klojen,2026-09-30 21:00:00,21.666666666666668,97.0,4.1,46.666666666666664,0.0,Cerah,-0.7071067811865477,0.7071067811865474,22.0,97.0,4.7,22.0,96.66666666666667,0
35.73.02.1001,Klojen,2026-09-30 22:00:00,21.333333333333332,97.0,3.5,41.333333333333336,0.0,Cerah,-0.5000000000000004,0.8660254037844384,21.666666666666668,97.0,4.1,21.666666666666668,97.0,0
35.73.02.1001,Klojen,2026-09-30 23:00:00,21.0,97.0,2.9,36.0,0.0,Udara Kabur,-0.25881904510252157,0.9659258262890681,21.333333333333332,97.0,3.5,21.333333333333332,97.0,0
35.73.02.1003,Samaan,2026-09-28 20:00:00,21.0,94.0,1.7,96.0,0.0,Udara Kabur,-0.8660254037844386,0.5000000000000001,,,,,,0
35.73.02.1003,Samaan,2026-09-28 21:00:00,20.666666666666668,94.0,2.033333333333333,89.33333333333333,0.0,Udara Kabur,-0.7071067811865477,0.7071067811865474,21.0,94.0,1.7,,,0
35.73.02.1003,Samaan,2026-09-28 22:00:00,20.333333333333332,94.0,2.3666666666666667,82.66666666666667,0.0,Udara Kabur,-0.5000000000000004,0.8660254037844384,20.666666666666668,94.0,2.033333333333333,20.666666666666668,94.0,0
35.73.02.1003,Samaan,2026-09-28 23:00:00,20.0,94.0,2.7,76.0,0.0,Udara Kabur,-0.25881904510252157,0.9659258262890681,20.333333333333332,94.0,2.3666666666666667,20.333333333333332,94.0,0
35.73.02.1003,Samaan,2026-09-29 00:00:00,20.0,92.33333333333333,2.666666666666667,62.666666666666664,0.0,Udara Kabur,0.0,1.0,20.0,94.0,2.7,20.11111111111111,93.44444444444444,0
35.73.02.1003,Samaan,2026-09-29 01:00:00,20.0,90.66666666666667,2.6333333333333333,49.33333333333333,0.0,Udara Kabur,0.25881904510252074,0.9659258262890683,20.0,92.33333333333333,2.666666666666667,20.0,92.33333333333333,0
35.73.02.1003,Samaan,2026-09-29 02:00:00,20.0,89.0,2.6,36.0,0.0,Udara Kabur,0.49999999999999994,0.8660254037844387,20.0,90.66666666666667,2.6333333333333333,20.0,90.66666666666667,0
35.73.02.1003,Samaan,2026-09-29 03:00:00,20.333333333333332,86.66666666666667,2.3,26.666666666666664,0.0,Udara Kabur,0.7071067811865475,0.7071067811865476,20.0,89.0,2.6,20.11111111111111,88.77777777777779,0
35.73.02.1003,Samaan,2026-09-29 04:00:00,20.666666666666668,84.33333333333333,2.0,17.333333333333332,0.0,Udara Kabur,0.8660254037844386,0.5000000000000001,20.333333333333332,86.66666666666667,2.3,20.333333333333332,86.66666666666667,0
35.73.02.1003,Samaan,2026-09-29 05:00:00,21.0,82.0,1.7,8.0,0.0,Udara Kabur,0.9659258262890683,0.25881904510252074,20.666666666666668,84.33333333333333,2.0,20.666666666666668,84.33333333333333,0
35.73.02.1003,Samaan,2026-09-29 06:00:00,23.0,74.33333333333333,3.6,9.333333333333334,0.0,Udara Kabur,1.0,6.123233995736766e-17,21.0,82.0,1.7,21.555555555555557,80.22222222222221,0
35.73.02.1003,Samaan,2026-09-29 07:00:00,25.0,66.66666666666667,5.5,10.666666666666666,0.0,Udara Kabur,0.9659258262890683,-0.25881904510252063,23.0,74.33333333333333,3.6,23.0,74.33333333333333,0
35.73.02.1003,Samaan,2026-09-29 08:00:00,27.0,59.0,7.4,12.0,0.0,Cerah,0.8660254037844387,-0.4999999999999998,25.0,66.66666666666667,5.5,25.0,66.66666666666667,0
35.73.02.1003,Samaan,2026-09-29 09:00:00,28.333333333333332,54.0,6.9,18.333333333333332,0.0,Cerah,0.7071067811865476,-0.7071067811865475,27.0,59.0,7.4,26.777777777777775,59.88888888888889,0
35.73.02.1003,Samaan,2026-09-29 10:00:00,29.666666666666668,49.0,6.4,24.666666666666664,0.0,Cerah,0.49999999999999994,-0.8660254037844387,28.333333333333332,54.0,6.9,28.333333333333332,54.0,0
35.73.02.1003,Samaan,2026-09-29 11:00:00,31.0,44.0,5.9,31.0,0.0,Cerah,0.258819045102521,-0.9659258262890682,29.666666666666668,49.0,6.4,29.666666666666668,49.0,0
35.73.02.1003,Samaan,2026-09-29 12:00:00,30.333333333333332,44.333333333333336,6.166666666666667,36.0,0.0,Cerah,1.2246467991473532e-16,-1.0,31.0,44.0,5.9,30.333333333333332,45.77777777777778,0
35.73.02.1003,Samaan,2026-09-29 13:00:00,29.666666666666668,44.666666666666664,6.433333333333334,41.0,0.0,Cerah,-0.2588190451025208,-0.9659258262890683,30.333333333333332,44.333333333333336,6.166666666666667,30.333333333333332,44.333333333333336,0
35.73.02.1003,Samaan,2026-09-29 14:00:00,29.0,45.0,6.7,46.0,0.0,Cerah,-0.4999999999999997,-0.8660254037844388,29.666666666666668,44.666666666666664,6.433333333333334,29.666666666666668,44.666666666666664,0
35.73.02.1003,Samaan,2026-09-29 15:00:00,27.333333333333332,55.333333333333336,6.0,42.0,0.0,Cerah,-0.7071067811865471,-0.7071067811865479,29.0,45.0,6.7,28.666666666666668,48.333333333333336,0
35.73.02.1003,Samaan,2026-09-29 16:00:00,25.666666666666668,65.66666666666667,5.3,38.0,0.0,Cerah,-0.8660254037844384,-0.5000000000000004,27.333333333333332,55.333333333333336,6.0,27.333333333333332,55.333333333333336,0
35.73.02.1003,Samaan,2026-09-29 17:00:00,24.0,76.0,4.6,34.0,0.0,Cerah,-0.9659258262890683,-0.25881904510252063,25.666666666666668,65.66666666666667,5.3,25.666666666666668,65.66666666666667,0
35.73.02.1003,Samaan,2026-09-29 18:00:00,23.333333333333332,81.0,3.6999999999999997,28.666666666666668,0.0,Cerah,-1.0,-1.8369701987210297e-16,24.0,76.0,4.6,24.333333333333332,74.22222222222221,0
35.73.02.1003,Samaan,2026-09-29 19:00:00,22.666666666666668,86.0,2.8,23.333333333333336,0.0,Cerah,-0.9659258262890684,0.2588190451025203,23.333333333333332,81.0,3.6999999999999997,23.333333333333332,81.0,0
35.73.02.1003,Samaan,2026-09-29 20:00:00,22.0,91.0,1.9,18.0,0.0,Cerah,-0.8660254037844386,0.5000000000000001,22.666666666666668,86.0,2.8,22.666666666666668,86.0,0
35.73.02.1003,Samaan,2026-09-29 21:00:00,21.333333333333332,92.33333333333333,1.8,25.0,0.0,Cerah,-0.7071067811865477,0.7071067811865474,22.0,91.0,1.9,22.0,89.77777777777777,0
35.73.02.1003,Samaan,2026-09-29 22:00:00,20.666666666666668,93.66666666666667,1.7,32.0,0.0,Cerah,-0.5000000000000004,0.8660254037844384,21.333333333333332,92.33333333333333,1.8,21.333333333333332,92.33333333333333,0
35.73.02.1003,Samaan,2026-09-29 23:00:00,20.0,95.0,1.6,39.0,0.0,Udara Kabur,-0.25881904510252157,0.9659258262890681,20.666666666666668,93.66666666666667,1.7,20.666666666666668,93.66666666666667,0
35.73.02.1003,Samaan,2026-09-30 00:00:00,20.0,94.33333333333333,1.5333333333333334,57.66666666666667,0.0,Udara Kabur,0.0,1.0,20.0,95.0,1.6,20.222222222222225,94.33333333333333,0
35.73.02.1003,Samaan,2026-09-30 01:00:00,20.0,93.66666666666667,1.4666666666666666,76.33333333333334,0.0,Udara Kabur,0.25881904510252074,0.9659258262890683,20.0,94.33333333333333,1.5333333333333334,20.0,94.33333333333333,0
35.73.02.1003,Samaan,2026-09-30 02:00:00,20.0,93.0,1.4,95.0,0.0,Udara Kabur,0.49999999999999994,0.8660254037844387,20.0,93.66666666666667,1.4666666666666666,20.0,93.66666666666667,0
35.73.02.1003,Samaan,2026-09-30 03:00:00,20.333333333333332,90.0,1.3,91.0,0.0,Udara Kabur,0.7071067811865475,0.7071067811865476,20.0,93.0,1.4,20.11111111111111,92.22222222222223,0
35.73.02.1003,Samaan,2026-09-30 04:00:00,20.666666666666668,87.0,1.2,87.0,0.0,Udara Kabur,0.8660254037844386,0.5000000000000001,20.333333333333332,90.0,1.3,20.333333333333332,90.0,0
35.73.02.1003,Samaan,2026-09-30 05:00:00,21.0,84.0,1.1,83.0,0.0,Cerah Berawan,0.9659258262890683,0.25881904510252074,20.666666666666668,87.0,1.2,20.666666666666668,87.0,0
35.73.02.1003,Samaan,2026-09-30 06:00:00,23.0,76.33333333333333,1.1,63.0,0.03333333333333333,Cerah Berawan,1.0,6.123233995736766e-17,21.0,84.0,1.1,21.555555555555557,82.44444444444444,1
35.73.02.1003,Samaan,2026-09-30 07:00:00,25.0,68.66666666666667,1.1,43.0,0.06666666666666667,Cerah Berawan,0.9659258262890683,-0.25881904510252063,23.0,76.33333333333333,1.1,23.0,76.33333333333333,1
35.73.02.1003,Samaan,2026-09-30 08:00:00,27.0,61.0,1.1,23.0,0.1,Cerah,0.8660254037844387,-0.4999999999999998,25.0,68.66666666666667,1.1,25.0,68.66666666666667,1
35.73.02.1003,Samaan,2026-09-30 09:00:00,28.0,56.666666666666664,2.066666666666667,39.33333333333333,0.1,Cerah,0.7071067811865476,-0.7071067811865475,27.0,61.0,1.1,26.666666666666668,62.111111111111114,1
35.73.02.1003,Samaan,2026-09-30 10:00:00,29.0,52.333333333333336,3.033333333333333,55.666666666666664,0.1,Cerah,0.49999999999999994,-0.8660254037844387,28.0,56.666666666666664,2.066666666666667,28.0,56.666666666666664,1
35.73.02.1003,Samaan,2026-09-30 11:00:00,30.0,48.0,4.0,72.0,0.1,Cerah Berawan,0.258819045102521,-0.9659258262890682,29.0,52.333333333333336,3.033333333333333,29.0,52.333333333333336,1
35.73.02.1003,Samaan,2026-09-30 12:00:00,28.666666666666668,57.0,4.0,69.33333333333333,0.3666666666666667,Cerah Berawan,1.2246467991473532e-16,-1.0,30.0,48.0,4.0,29.222222222222225,52.44444444444445,1
35.73.02.1003,Samaan,2026-09-30 13:00:00,27.333333333333332,66.0,4.0,66.66666666666667,0.6333333333333333,Cerah Berawan,-0.2588190451025208,-0.9659258262890683,28.666666666666668,57.0,4.0,28.666666666666668,57.0,1
35.73.02.1003,Samaan,2026-09-30 14:00:00,26.0,75.0,4.0,64.0,0.9,Cerah Berawan,-0.4999999999999997,-0.8660254037844388,27.333333333333332,66.0,4.0,27.333333333333332,66.0,1
35.73.02.1003,Samaan,2026-09-30 15:00:00,25.0,81.33333333333333,4.233333333333333,67.66666666666667,0.9,Cerah Berawan,-0.7071067811865471,-0.7071067811865479,26.0,75.0,4.0,26.11111111111111,74.1111111111111,1
35.73.02.1003,Samaan,2026-09-30 16:00:00,24.0,87.66666666666667,4.466666666666667,71.33333333333333,0.9,Cerah Berawan,-0.8660254037844384,-0.5000000000000004,25.0,81.33333333333333,4.233333333333333,25.0,81.33333333333333,1
35.73.02.1003,Samaan,2026-09-30 17:00:00,23.0,94.0,4.7,75.0,0.9,Cerah Berawan,-0.9659258262890683,-0.25881904510252063,24.0,87.66666666666667,4.466666666666667,24.0,87.66666666666667,1
35.73.02.1003,Samaan,2026-09-30 18:00:00,22.666666666666668,95.0,4.7,67.33333333333333,0.6000000000000001,Cerah Berawan,-1.0,-1.8369701987210297e-16,23.0,94.0,4.7,23.222222222222225,92.22222222222223,1
35.73.02.1003,Samaan,2026-09-30 19:00:00,22.333333333333332,96.0,4.7,59.666666666666664,0.30000000000000004,Cerah Berawan,-0.9659258262890684,0.2588190451025203,22.666666666666668,95.0,4.7,22.666666666666668,95.0,1
35.73.02.1003,Samaan,2026-09-30 20:00:00,22.0,97.0,4.7,52.0,0.0,Cerah,-0.8660254037844386,0.5000000000000001,22.333333333333332,96.0,4.7,22.333333333333332,96.0,0
35.73.02.1003,Samaan,2026-09-30 21:00:00,21.666666666666668,97.0,4.1,46.666666666666664,0.0,Cerah,-0.7071067811865477,0.7071067811865474,22.0,97.0,4.7,22.0,96.66666666666667,0
35.73.02.1003,Samaan,2026-09-30 22:00:00,21.333333333333332,97.0,3.5,41.333333333333336,0.0,Cerah,-0.5000000000000004,0.8660254037844384,21.666666666666668,97.0,4.1,21.666666666666668,97.0,0
35.73.02.1003,Samaan,2026-09-30 23:00:00,21.0,97.0,2.9,36.0,0.0,Udara Kabur,-0.25881904510252157,0.9659258262890681,21.333333333333332,97.0,3.5,21.333333333333332,97.0,0
35.73.02.1004,Kiduldalem,2026-09-28 19:00:00,22.0,92.0,4.0,95.0,0.0,Berawan,-0.9659258262890684,0.2588190451025203,,,,,,0
35.73.02.1004,Kiduldalem,2026-09-28 20:00:00,21.666666666666668,93.0,3.2333333333333334,90.0,0.0,Berawan,-0.8660254037844386,0.5000000000000001,22.0,92.0,4.0,,,0
35.73.02.1004,Kiduldalem,2026-09-28 21:00:00,21.333333333333332,94.0,2.466666666666667,85.0,0.0,Berawan,-0.7071067811865477,0.7071067811865474,21.666666666666668,93.0,3.2333333333333334,21.666666666666668,93.0,0
35.73.02.1004,Kiduldalem,2026-09-28 22:00:00,21.0,95.0,1.7,80.0,0.0,Udara Kabur,-0.5000000000000004,0.8660254037844384,21.333333333333332,94.0,2.466666666666667,21.333333333333332,94.0,0
35.73.02.1004,Kiduldalem,2026-09-28 23:00:00,20.666666666666668,93.33333333333333,2.033333333333333,69.33333333333333,0.0,Udara Kabur,-0.25881904510252157,0.9659258262890681,21.0,95.0,1.7,21.0,94.1111111111111,0
35.73.02.1004,Kiduldalem,2026-09-29 00:00:00,20.333333333333332,91.66666666666667,2.3666666666666667,58.66666666666667,0.0,Udara Kabur,0.0,1.0,20.666666666666668,93.33333333333333,2.033333333333333,20.666666666666668,93.33333333333333,0
35.73.02.1004,Kiduldalem,2026-09-29 01:00:00,20.0,90.0,2.7,48.0,0.0,Udara Kabur,0.25881904510252074,0.9659258262890683,20.333333333333332,91.66666666666667,2.3666666666666667,20.333333333333332,91.66666666666667,0
35.73.02.1004,Kiduldalem,2026-09-29 02:00:00,20.0,88.66666666666667,2.666666666666667,35.333333333333336,0.0,Udara Kabur,0.49999999999999994,0.8660254037844387,20.0,90.0,2.7,20.11111111111111,90.11111111111113,0
35.73.02.1004,Kiduldalem,2026-09-29 03:00:00,20.0,87.33333333333333,2.6333333333333333,22.666666666666668,0.0,Udara Kabur,0.7071067811865475,0.7071067811865476,20.0,88.66666666666667,2.666666666666667,20.0,88.66666666666667,0
35.73.02.1004,Kiduldalem,2026-09-29 04:00:00,20.0,86.0,2.6,10.0,0.0,Udara Kabur,0.8660254037844386,0.5000000000000001,20.0,87.33333333333333,2.6333333333333333,20.0,87.33333333333333,0
35.73.02.1004,Kiduldalem,2026-09-29 05:00:00,21.666666666666668,79.33333333333333,2.3,9.0,0.0,Udara Kabur,0.9659258262890683,0.25881904510252074,20.0,86.0,2.6,20.555555555555557,84.22222222222221,0
35.73.02.1004,Kiduldalem,2026-09-29 06:00:00,23.333333333333332,72.66666666666667,2.0,8.0,0.0,Udara Kabur,1.0,6.123233995736766e-17,21.666666666666668,79.33333333333333,2.3,21.666666666666668,79.33333333333333,0
35.73.02.1004,Kiduldalem,2026-09-29 07:00:00,25.0,66.0,1.7,7.0,0.0,Udara Kabur,0.9659258262890683,-0.25881904510252063,23.333333333333332,72.66666666666667,2.0,23.333333333333332,72.66666666666667,0
35.73.02.1004,Kiduldalem,2026-09-29 08:00:00,26.666666666666668,60.0,3.6,22.0,0.0,Udara Kabur,0.8660254037844387,-0.4999999999999998,25.0,66.0,1.7,25.0,66.22222222222223,0
35.73.02.1004,Kiduldalem,2026-09-29 09:00:00,28.333333333333332,54.0,5.5,37.0,0.0,Udara Kabur,0.7071067811865476,-0.7071067811865475,26.666666666666668,60.0,3.6,26.666666666666668,60.0,0
35.73.02.1004,Kiduldalem,2026-09-29 10:00:00,30.0,48.0,7.4,52.0,0.0,Cerah,0.49999999999999994,-0.8660254037844387,28.333333333333332,54.0,5.5,28.333333333333332,54.0,0
35.73.02.1004,Kiduldalem,2026-09-29 11:00:00,30.0,46.0,6.9,55.0,0.0,Cerah,0.258819045102521,-0.9659258262890682,30.0,48.0,7.4,29.444444444444443,49.333333333333336,0
35.73.02.1004,Kiduldalem,2026-09-29 12:00:00,30.0,44.0,6.4,58.0,0.0,Cerah,1.2246467991473532e-16,-1.0,30.0,46.0,6.9,30.0,46.0,0
35.73.02.1004,Kiduldalem,2026-09-29 13:00:00,30.0,42.0,5.9,61.0,0.0,Cerah Berawan,-0.2588190451025208,-0.9659258262890683,30.0,44.0,6.4,30.0,44.0,0
35.73.02.1004,Kiduldalem,2026-09-29 14:00:00,28.666666666666668,48.666666666666664,6.166666666666667,51.666666666666664,0.0,Cerah Berawan,-0.4999999999999997,-0.8660254037844388,30.0,42.0,5.9,29.555555555555557,44.888888888888886,0
35.73.02.1004,Kiduldalem,2026-09-29 15:00:00,27.333333333333332,55.333333333333336,6.433333333333334,42.33333333333333,0.0,Cerah Berawan,-0.7071067811865471,-0.7071067811865479,28.666666666666668,48.666666666666664,6.166666666666667,28.666666666666668,48.666666666666664,0
35.73.02.1004,Kiduldalem,2026-09-29 16:00:00,26.0,62.0,6.7,33.0,0.0,Cerah,-0.8660254037844384,-0.5000000000000004,27.333333333333332,55.333333333333336,6.433333333333334,27.333333333333332,55.333333333333336,0
35.73.02.1004,Kiduldalem,2026-09-29 17:00:00,24.666666666666668,70.66666666666667,6.0,32.0,0.0,Cerah,-0.9659258262890683,-0.25881904510252063,26.0,62.0,6.7,26.0,62.666666666666664,0
35.73.02.1004,Kiduldalem,2026-09-29 18:00:00,23.333333333333332,79.33333333333333,5.3,31.0,0.0,Cerah,-1.0,-1.8369701987210297e-16,24.666666666666668,70.66666666666667,6.0,24.666666666666668,70.66666666666667,0
35.73.02.1004,Kiduldalem,2026-09-29 19:00:00,22.0,88.0,4.6,30.0,0.0,Cerah,-0.9659258262890684,0.2588190451025203,23.333333333333332,79.33333333333333,5.3,23.333333333333332,79.33333333333333,0
35.73.02.1004,Kiduldalem,2026-09-29 20:00:00,21.666666666666668,90.0,3.6999999999999997,26.333333333333332,0.0,Cerah,-0.8660254037844386,0.5000000000000001,22.0,88.0,4.6,22.333333333333332,85.77777777777777,0
35.73.02.1004,Kiduldalem,2026-09-29 21:00:00,21.333333333333332,92.0,2.8,22.666666666666668,0.0,Cerah,-0.7071067811865477,0.7071067811865474,21.666666666666668,90.0,3.6999999999999997,21.666666666666668,90.0,0
35.73.02.1004,Kiduldalem,2026-09-29 22:00:00,21.0,94.0,1.9,19.0,0.0,Cerah,-0.5000000000000004,0.8660254037844384,21.333333333333332,92.0,2.8,21.333333333333332,92.0,0
35.73.02.1004,Kiduldalem,2026-09-29 23:00:00,20.666666666666668,93.33333333333333,1.8,40.66666666666667,0.0,Cerah,-0.25881904510252157,0.9659258262890681,21.0,94.0,1.9,21.0,93.1111111111111,0
35.73.02.1004,Kiduldalem,2026-09-30 00:00:00,20.333333333333332,92.66666666666667,1.7,62.333333333333336,0.0,Cerah,0.0,1.0,20.666666666666668,93.33333333333333,1.8,20.666666666666668,93.33333333333333,0
35.73.02.1004,Kiduldalem,2026-09-30 01:00:00,20.0,92.0,1.6,84.0,0.0,Udara Kabur,0.25881904510252074,0.9659258262890683,20.333333333333332,92.66666666666667,1.7,20.333333333333332,92.66666666666667,0
35.73.02.1004,Kiduldalem,2026-09-30 02:00:00,20.0,91.33333333333333,1.5333333333333334,89.0,0.0,Udara Kabur,0.49999999999999994,0.8660254037844387,20.0,92.0,1.6,20.11111111111111,92.0,0
35.73.02.1004,Kiduldalem,2026-09-30 03:00:00,20.0,90.66666666666667,1.4666666666666666,94.0,0.0,Udara Kabur,0.7071067811865475,0.7071067811865476,20.0,91.33333333333333,1.5333333333333334,20.0,91.33333333333333,0
35.73.02.1004,Kiduldalem,2026-09-30 04:00:00,20.0,90.0,1.4,99.0,0.0,Udara Kabur,0.8660254037844386,0.5000000000000001,20.0,90.66666666666667,1.4666666666666666,20.0,90.66666666666667,0
35.73.02.1004,Kiduldalem,2026-09-30 05:00:00,21.666666666666668,82.33333333333333,1.3,72.33333333333333,0.03333333333333333,Udara Kabur,0.9659258262890683,0.25881904510252074,20.0,90.0,1.4,20.555555555555557,87.66666666666667,1
35.73.02.1004,Kiduldalem,2026-09-30 06:00:00,23.333333333333332,74.66666666666667,1.2,45.666666666666664,0.06666666666666667,Udara Kabur,1.0,6.123233995736766e-17,21.666666666666668,82.33333333333333,1.3,21.666666666666668,82.33333333333333,1
35.73.02.1004,Kiduldalem,2026-09-30 07:00:00,25.0,67.0,1.1,19.0,0.1,Cerah,0.9659258262890683,-0.25881904510252063,23.333333333333332,74.66666666666667,1.2,23.333333333333332,74.66666666666667,1
35.73.02.1004,Kiduldalem,2026-09-30 08:00:00,26.666666666666668,61.0,2.066666666666667,32.0,0.1,Cerah,0.8660254037844387,-0.4999999999999998,25.0,67.0,1.1,25.0,67.55555555555556,1
35.73.02.1004,Kiduldalem,2026-09-30 09:00:00,28.333333333333332,55.0,3.033333333333333,45.0,0.1,Cerah,0.7071067811865476,-0.7071067811865475,26.666666666666668,61.0,2.066666666666667,26.666666666666668,61.0,1
35.73.02.1004,Kiduldalem,2026-09-30 10:00:00,30.0,49.0,4.0,58.0,0.1,Cerah,0.49999999999999994,-0.8660254037844387,28.333333333333332,55.0,3.033333333333333,28.333333333333332,55.0,1
35.73.02.1004,Kiduldalem,2026-09-30 11:00:00,29.0,54.666666666666664,4.0,66.66666666666667,0.3666666666666667,Cerah,0.258819045102521,-0.9659258262890682,30.0,49.0,4.0,29.11111111111111,52.888888888888886,1
35.73.02.1004,Kiduldalem,2026-09-30 12:00:00,28.0,60.333333333333336,4.0,75.33333333333333,0.6333333333333333,Cerah,1.2246467991473532e-16,-1.0,29.0,54.666666666666664,4.0,29.0,54.666666666666664,1
35.73.02.1004,Kiduldalem,2026-09-30 13:00:00,27.0,66.0,4.0,84.0,0.9,Cerah Berawan,-0.2588190451025208,-0.9659258262890683,28.0,60.333333333333336,4.0,28.0,60.333333333333336,1
35.73.02.1004,Kiduldalem,2026-09-30 14:00:00,25.666666666666668,74.0,4.233333333333333,74.66666666666667,0.9,Cerah Berawan,-0.4999999999999997,-0.8660254037844388,27.0,66.0,4.0,26.88888888888889,66.77777777777779,1
35.73.02.1004,Kiduldalem,2026-09-30 15:00:00,24.333333333333332,82.0,4.466666666666667,65.33333333333333,0.9,Cerah Berawan,-0.7071067811865471,-0.7071067811865479,25.666666666666668,74.0,4.233333333333333,25.666666666666668,74.0,1
35.73.02.1004,Kiduldalem,2026-09-30 16:00:00,23.0,90.0,4.7,56.0,0.9,Cerah,-0.8660254037844384,-0.5000000000000004,24.333333333333332,82.0,4.466666666666667,24.333333333333332,82.0,1
35.73.02.1004,Kiduldalem,2026-09-30 17:00:00,22.666666666666668,92.0,4.7,55.0,0.6000000000000001,Cerah,-0.9659258262890683,-0.25881904510252063,23.0,90.0,4.7,23.333333333333332,88.0,1
35.73.02.1004,Kiduldalem,2026-09-30 18:00:00,22.333333333333332,94.0,4.7,54.0,0.30000000000000004,Cerah,-1.0,-1.8369701987210297e-16,22.666666666666668,92.0,4.7,22.666666666666668,92.0,1
35.73.02.1004,Kiduldalem,2026-09-30 19:00:00,22.0,96.0,4.7,53.0,0.0,Cerah,-0.9659258262890684,0.2588190451025203,22.333333333333332,94.0,4.7,22.333333333333332,94.0,0
35.73.02.1004,Kiduldalem,2026-09-30 20:00:00,21.666666666666668,96.33333333333333,4.1,49.333333333333336,0.0,Cerah,-0.8660254037844386,0.5000000000000001,22.0,96.0,4.7,22.0,95.44444444444444,0
35.73.02.1004,Kiduldalem,2026-09-30 21:00:00,21.333333333333332,96.66666666666667,3.5,45.666666666666664,0.0,Cerah,-0.7071067811865477,0.7071067811865474,21.666666666666668,96.33333333333333,4.1,21.666666666666668,96.33333333333333,0
35.73.02.1004,Kiduldalem,2026-09-30 22:00:00,21.0,97.0,2.9,42.0,0.0,Udara Kabur,-0.5000000000000004,0.8660254037844384,21.333333333333332,96.66666666666667,3.5,21.333333333333332,96.66666666666667,0
35.73.02.1005,Sukoharjo,2026-09-28 20:00:00,22.0,94.0,1.7,96.0,0.0,Udara Kabur,-0.8660254037844386,0.5000000000000001,,,,,,0
35.73.02.1005,Sukoharjo,2026-09-28 21:00:00,21.666666666666668,93.66666666666667,2.033333333333333,88.66666666666667,0.0,Udara Kabur,-0.7071067811865477,0.7071067811865474,22.0,94.0,1.7,,,0
35.73.02.1005,Sukoharjo,2026-09-28 22:00:00,21.333333333333332,93.33333333333333,2.3666666666666667,81.33333333333333,0.0,Udara Kabur,-0.5000000000000004,0.8660254037844384,21.666666666666668,93.66666666666667,2.033333333333333,21.666666666666668,93.66666666666667,0
35.73.02.1005,Sukoharjo,2026-09-28 23:00:00,21.0,93.0,2.7,74.0,0.0,Udara Kabur,-0.25881904510252157,0.9659258262890681,21.333333333333332,93.33333333333333,2.3666666666666667,21.333333333333332,93.33333333333333,0
35.73.02.1005,Sukoharjo,2026-09-29 00:00:00,20.666666666666668,91.66666666666667,2.666666666666667,62.333333333333336,0.0,Udara Kabur,0.0,1.0,21.0,93.0,2.7,21.0,92.66666666666667,0
35.73.02.1005,Sukoharjo,2026-09-29 01:00:00,20.333333333333332,90.33333333333333,2.6333333333333333,50.66666666666667,0.0,Udara Kabur,0.25881904510252074,0.9659258262890683,20.666666666666668,91.66666666666667,2.666666666666667,20.666666666666668,91.66666666666667,0
35.73.02.1005,Sukoharjo,2026-09-29 02:00:00,20.0,89.0,2.6,39.0,0.0,Udara Kabur,0.49999999999999994,0.8660254037844387,20.333333333333332,90.33333333333333,2.6333333333333333,20.333333333333332,90.33333333333333,0
35.73.02.1005,Sukoharjo,2026-09-29 03:00:00,20.333333333333332,86.66666666666667,2.3,29.0,0.0,Udara Kabur,0.7071067811865475,0.7071067811865476,20.0,89.0,2.6,20.222222222222218,88.66666666666667,0
35.73.02.1005,Sukoharjo,2026-09-29 04:00:00,20.666666666666668,84.33333333333333,2.0,19.0,0.0,Udara Kabur,0.8660254037844386,0.5000000000000001,20.333333333333332,86.66666666666667,2.3,20.333333333333332,86.66666666666667,0
35.73.02.1005,Sukoharjo,2026-09-29 05:00:00,21.0,82.0,1.7,9.0,0.0,Udara Kabur,0.9659258262890683,0.25881904510252074,20.666666666666668,84.33333333333333,2.0,20.666666666666668,84.33333333333333,0
35.73.02.1005,Sukoharjo,2026-09-29 06:00:00,23.333333333333332,75.0,3.6,10.0,0.0,Udara Kabur,1.0,6.123233995736766e-17,21.0,82.0,1.7,21.666666666666668,80.44444444444444,0
35.73.02.1005,Sukoharjo,2026-09-29 07:00:00,25.666666666666668,68.0,5.5,11.0,0.0,Udara Kabur,0.9659258262890683,-0.25881904510252063,23.333333333333332,75.0,3.6,23.333333333333332,75.0,0
35.73.02.1005,Sukoharjo,2026-09-29 08:00:00,28.0,61.0,7.4,12.0,0.0,Cerah,0.8660254037844387,-0.4999999999999998,25.666666666666668,68.0,5.5,25.666666666666668,68.0,0
35.73.02.1005,Sukoharjo,2026-09-29 09:00:00,29.0,55.333333333333336,6.9,17.333333333333332,0.0,Cerah,0.7071067811865476,-0.7071067811865475,28.0,61.0,7.4,27.555555555555557,61.44444444444445,0
35.73.02.1005,Sukoharjo,2026-09-29 10:00:00,30.0,49.666666666666664,6.4,22.666666666666664,0.0,Cerah,0.49999999999999994,-0.8660254037844387,29.0,55.333333333333336,6.9,29.0,55.333333333333336,0
35.73.02.1005,Sukoharjo,2026-09-29 11:00:00,31.0,44.0,5.9,28.0,0.0,Cerah,0.258819045102521,-0.9659258262890682,30.0,49.666666666666664,6.4,30.0,49.666666666666664,0
35.73.02.1005,Sukoharjo,2026-09-29 12:00:00,30.666666666666668,44.333333333333336,6.166666666666667,34.333333333333336,0.03333333333333333,Cerah,1.2246467991473532e-16,-1.0,31.0,44.0,5.9,30.555555555555557,46.0,1
35.73.02.1005,Sukoharjo,2026-09-29 13:00:00,30.333333333333332,44.666666666666664,6.433333333333334,40.666666666666664,0.06666666666666667,Cerah,-0.2588190451025208,-0.9659258262890683,30.666666666666668,44.333333333333336,6.166666666666667,30.666666666666668,44.333333333333336,1
35.73.02.1005,Sukoharjo,2026-09-29 14:00:00,30.0,45.0,6.7,47.0,0.1,Cerah,-0.4999999999999997,-0.8660254037844388,30.333333333333332,44.666666666666664,6.433333333333334,30.333333333333332,44.666666666666664,1
35.73.02.1005,Sukoharjo,2026-09-29 15:00:00,28.0,55.333333333333336,6.0,42.0,0.06666666666666668,Cerah,-0.7071067811865471,-0.7071067811865479,30.0,45.0,6.7,29.444444444444443,48.333333333333336,1
35.73.02.1005,Sukoharjo,2026-09-29 16:00:00,26.0,65.66666666666667,5.3,37.0,0.03333333333333334,Cerah,-0.8660254037844384,-0.5000000000000004,28.0,55.333333333333336,6.0,28.0,55.333333333333336,1
35.73.02.1005,Sukoharjo,2026-09-29 17:00:00,24.0,76.0,4.6,32.0,0.0,Cerah,-0.9659258262890683,-0.25881904510252063,26.0,65.66666666666667,5.3,26.0,65.66666666666667,0
35.73.02.1005,Sukoharjo,2026-09-29 18:00:00,23.333333333333332,80.66666666666667,3.6999999999999997,26.666666666666668,0.0,Cerah,-1.0,-1.8369701987210297e-16,24.0,76.0,4.6,24.444444444444443,74.1111111111111,0
35.73.02.1005,Sukoharjo,2026-09-29 19:00:00,22.666666666666668,85.33333333333333,2.8,21.333333333333336,0.0,Cerah,-0.9659258262890684,0.2588190451025203,23.333333333333332,80.66666666666667,3.6999999999999997,23.333333333333332,80.66666666666667,0
35.73.02.1005,Sukoharjo,2026-09-29 20:00:00,22.0,90.0,1.9,16.0,0.0,Cerah,-0.8660254037844386,0.5000000000000001,22.666666666666668,85.33333333333333,2.8,22.666666666666668,85.33333333333333,0
35.73.02.1005,Sukoharjo,2026-09-29 21:00:00,21.666666666666668,92.0,1.8,22.666666666666668,0.0,Cerah,-0.7071067811865477,0.7071067811865474,22.0,90.0,1.9,22.111111111111114,89.1111111111111,0
35.73.02.1005,Sukoharjo,2026-09-29 22:00:00,21.333333333333332,94.0,1.7,29.333333333333336,0.0,Cerah,-0.5000000000000004,0.8660254037844384,21.666666666666668,92.0,1.8,21.666666666666668,92.0,0
35.73.02.1005,Sukoharjo,2026-09-29 23:00:00,21.0,96.0,1.6,36.0,0.0,Udara Kabur,-0.25881904510252157,0.9659258262890681,21.333333333333332,94.0,1.7,21.333333333333332,94.0,0
35.73.02.1005,Sukoharjo,2026-09-30 00:00:00,20.666666666666668,95.0,1.5333333333333334,55.33333333333333,0.0,Udara Kabur,0.0,1.0,21.0,96.0,1.6,21.0,95.0,0
35.73.02.1005,Sukoharjo,2026-09-30 01:00:00,20.333333333333332,94.0,1.4666666666666666,74.66666666666666,0.0,Udara Kabur,0.25881904510252074,0.9659258262890683,20.666666666666668,95.0,1.5333333333333334,20.666666666666668,95.0,0
35.73.02.1005,Sukoharjo,2026-09-30 02:00:00,20.0,93.0,1.4,94.0,0.0,Udara Kabur,0.49999999999999994,0.8660254037844387,20.333333333333332,94.0,1.4666666666666666,20.333333333333332,94.0,0
35.73.02.1005,Sukoharjo,2026-09-30 03:00:00,20.333333333333332,90.33333333333333,1.3,90.66666666666667,0.0,Udara Kabur,0.7071067811865475,0.7071067811865476,20.0,93.0,1.4,20.222222222222218,92.44444444444444,0
35.73.02.1005,Sukoharjo,2026-09-30 04:00:00,20.666666666666668,87.66666666666667,1.2,87.33333333333333,0.0,Udara Kabur,0.8660254037844386,0.5000000000000001,20.333333333333332,90.33333333333333,1.3,20.333333333333332,90.33333333333333,0
35.73.02.1005,Sukoharjo,2026-09-30 05:00:00,21.0,85.0,1.1,84.0,0.0,Cerah Berawan,0.9659258262890683,0.25881904510252074,20.666666666666668,87.66666666666667,1.2,20.666666666666668,87.66666666666667,0
35.73.02.1005,Sukoharjo,2026-09-30 06:00:00,23.0,77.0,1.1,62.66666666666667,0.03333333333333333,Cerah Berawan,1.0,6.123233995736766e-17,21.0,85.0,1.1,21.555555555555557,83.22222222222223,1
35.73.02.1005,Sukoharjo,2026-09-30 07:00:00,25.0,69.0,1.1,41.333333333333336,0.06666666666666667,Cerah Berawan,0.9659258262890683,-0.25881904510252063,23.0,77.0,1.1,23.0,77.0,1
35.73.02.1005,Sukoharjo,2026-09-30 08:00:00,27.0,61.0,1.1,20.0,0.1,Cerah,0.8660254037844387,-0.4999999999999998,25.0,69.0,1.1,25.0,69.0,1
35.73.02.1005,Sukoharjo,2026-09-30 09:00:00,28.333333333333332,55.666666666666664,2.066666666666667,36.0,0.1,Cerah,0.7071067811865476,-0.7071067811865475,27.0,61.0,1.1,26.777777777777775,61.888888888888886,1
35.73.02.1005,Sukoharjo,2026-09-30 10:00:00,29.666666666666668,50.333333333333336,3.033333333333333,52.0,0.1,Cerah,0.49999999999999994,-0.8660254037844387,28.333333333333332,55.666666666666664,2.066666666666667,28.333333333333332,55.666666666666664,1
35.73.02.1005,Sukoharjo,2026-09-30 11:00:00,31.0,45.0,4.0,68.0,0.1,Cerah Berawan,0.258819045102521,-0.9659258262890682,29.666666666666668,50.333333333333336,3.033333333333333,29.666666666666668,50.333333333333336,1
35.73.02.1005,Sukoharjo,2026-09-30 12:00:00,29.333333333333332,55.0,4.0,66.0,0.3666666666666667,Cerah Berawan,1.2246467991473532e-16,-1.0,31.0,45.0,4.0,30.0,50.111111111111114,1
35.73.02.1005,Sukoharjo,2026-09-30 13:00:00,27.666666666666668,65.0,4.0,64.0,0.6333333333333333,Cerah Berawan,-0.2588190451025208,-0.9659258262890683,29.333333333333332,55.0,4.0,29.333333333333332,55.0,1
35.73.02.1005,Sukoharjo,2026-09-30 14:00:00,26.0,75.0,4.0,62.0,0.9,Cerah Berawan,-0.4999999999999997,-0.8660254037844388,27.666666666666668,65.0,4.0,27.666666666666668,65.0,1
35.73.02.1005,Sukoharjo,2026-09-30 15:00:00,25.0,81.33333333333333,4.233333333333333,67.0,0.9,Cerah Berawan,-0.7071067811865471,-0.7071067811865479,26.0,75.0,4.0,26.222222222222225,73.77777777777777,1
35.73.02.1005,Sukoharjo,2026-09-30 16:00:00,24.0,87.66666666666667,4.466666666666667,72.0,0.9,Cerah Berawan,-0.8660254037844384,-0.5000000000000004,25.0,81.33333333333333,4.233333333333333,25.0,81.33333333333333,1
35.73.02.1005,Sukoharjo,2026-09-30 17:00:00,23.0,94.0,4.7,77.0,0.9,Cerah Berawan,-0.9659258262890683,-0.25881904510252063,24.0,87.66666666666667,4.466666666666667,24.0,87.66666666666667,1
35.73.02.1005,Sukoharjo,2026-09-30 18:00:00,22.666666666666668,95.0,4.7,66.33333333333333,0.6000000000000001,Cerah Berawan,-1.0,-1.8369701987210297e-16,23.0,94.0,4.7,23.222222222222225,92.22222222222223,1
35.73.02.1005,Sukoharjo,2026-09-30 19:00:00,22.333333333333332,96.0,4.7,55.66666666666667,0.30000000000000004,Cerah Berawan,-0.9659258262890684,0.2588190451025203,22.666666666666668,95.0,4.7,22.666666666666668,95.0,1
35.73.02.1005,Sukoharjo,2026-09-30 20:00:00,22.0,97.0,4.7,45.0,0.0,Cerah,-0.8660254037844386,0.5000000000000001,22.333333333333332,96.0,4.7,22.333333333333332,96.0,0
35.73.02.1005,Sukoharjo,2026-09-30 21:00:00,21.666666666666668,97.0,4.1,42.333333333333336,0.0,Cerah,-0.7071067811865477,0.7071067811865474,22.0,97.0,4.7,22.0,96.66666666666667,0
35.73.02.1005,Sukoharjo,2026-09-30 22:00:00,21.333333333333332,97.0,3.5,39.666666666666664,0.0,Cerah,-0.5000000000000004,0.8660254037844384,21.666666666666668,97.0,4.1,21.666666666666668,97.0,0
35.73.02.1005,Sukoharjo,2026-09-30 23:00:00,21.0,97.0,2.9,37.0,0.0,Cerah,-0.25881904510252157,0.9659258262890681,21.333333333333332,97.0,3.5,21.333333333333332,97.0,0
35.73.02.1008,Oro-oro Dowo,2026-09-28 20:00:00,21.0,94.0,1.7,96.0,0.0,Udara Kabur,-0.8660254037844386,0.5000000000000001,,,,,,0
35.73.02.1008,Oro-oro Dowo,2026-09-28 21:00:00,20.666666666666668,94.0,2.033333333333333,89.33333333333333,0.0,Udara Kabur,-0.7071067811865477,0.7071067811865474,21.0,94.0,1.7,,,0
35.73.02.1008,Oro-oro Dowo,2026-09-28 22:00:00,20.333333333333332,94.0,2.3666666666666667,82.66666666666667,0.0,Udara Kabur,-0.5000000000000004,0.8660254037844384,20.666666666666668,94.0,2.033333333333333,20.666666666666668,94.0,0
35.73.02.1008,Oro-oro Dowo,2026-09-28 23:00:00,20.0,94.0,2.7,76.0,0.0,Udara Kabur,-0.25881904510252157,0.9659258262890681,20.333333333333332,94.0,2.3666666666666667,20.333333333333332,94.0,0
35.73.02.1008,Oro-oro Dowo,2026-09-29 00:00:00,20.0,92.33333333333333,2.666666666666667,62.666666666666664,0.0,Udara Kabur,0.0,1.0,20.0,94.0,2.7,20.11111111111111,93.44444444444444,0
35.73.02.1008,Oro-oro Dowo,2026-09-29 01:00:00,20.0,90.66666666666667,2.6333333333333333,49.33333333333333,0.0,Udara Kabur,0.25881904510252074,0.9659258262890683,20.0,92.33333333333333,2.666666666666667,20.0,92.33333333333333,0
35.73.02.1008,Oro-oro Dowo,2026-09-29 02:00:00,20.0,89.0,2.6,36.0,0.0,Udara Kabur,0.49999999999999994,0.8660254037844387,20.0,90.66666666666667,2.6333333333333333,20.0,90.66666666666667,0
35.73.02.1008,Oro-oro Dowo,2026-09-29 03:00:00,20.333333333333332,86.66666666666667,2.3,26.666666666666664,0.0,Udara Kabur,0.7071067811865475,0.7071067811865476,20.0,89.0,2.6,20.11111111111111,88.77777777777779,0
35.73.02.1008,Oro-oro Dowo,2026-09-29 04:00:00,20.666666666666668,84.33333333333333,2.0,17.333333333333332,0.0,Udara Kabur,0.8660254037844386,0.5000000000000001,20.333333333333332,86.66666666666667,2.3,20.333333333333332,86.66666666666667,0
35.73.02.1008,Oro-oro Dowo,2026-09-29 05:00:00,21.0,82.0,1.7,8.0,0.0,Udara Kabur,0.9659258262890683,0.25881904510252074,20.666666666666668,84.33333333333333,2.0,20.666666666666668,84.33333333333333,0
35.73.02.1008,Oro-oro Dowo,2026-09-29 06:00:00,23.0,74.33333333333333,3.6,9.333333333333334,0.0,Udara Kabur,1.0,6.123233995736766e-17,21.0,82.0,1.7,21.555555555555557,80.22222222222221,0
35.73.02.1008,Oro-oro Dowo,2026-09-29 07:00:00,25.0,66.66666666666667,5.5,10.666666666666666,0.0,Udara Kabur,0.9659258262890683,-0.25881904510252063,23.0,74.33333333333333,3.6,23.0,74.33333333333333,0
35.73.02.1008,Oro-oro Dowo,2026-09-29 08:00:00,27.0,59.0,7.4,12.0,0.0,Cerah,0.8660254037844387,-0.4999999999999998,25.0,66.66666666666667,5.5,25.0,66.66666666666667,0
35.73.02.1008,Oro-oro Dowo,2026-09-29 09:00:00,28.333333333333332,54.0,6.9,18.333333333333332,0.0,Cerah,0.7071067811865476,-0.7071067811865475,27.0,59.0,7.4,26.777777777777775,59.88888888888889,0
35.73.02.1008,Oro-oro Dowo,2026-09-29 10:00:00,29.666666666666668,49.0,6.4,24.666666666666664,0.0,Cerah,0.49999999999999994,-0.8660254037844387,28.333333333333332,54.0,6.9,28.333333333333332,54.0,0
35.73.02.1008,Oro-oro Dowo,2026-09-29 11:00:00,31.0,44.0,5.9,31.0,0.0,Cerah,0.258819045102521,-0.9659258262890682,29.666666666666668,49.0,6.4,29.666666666666668,49.0,0
35.73.02.1008,Oro-oro Dowo,2026-09-29 12:00:00,30.333333333333332,44.333333333333336,6.166666666666667,36.0,0.0,Cerah,1.2246467991473532e-16,-1.0,31.0,44.0,5.9,30.333333333333332,45.77777777777778,0
35.73.02.1008,Oro-oro Dowo,2026-09-29 13:00:00,29.666666666666668,44.666666666666664,6.433333333333334,41.0,0.0,Cerah,-0.2588190451025208,-0.9659258262890683,30.333333333333332,44.333333333333336,6.166666666666667,30.333333333333332,44.333333333333336,0
35.73.02.1008,Oro-oro Dowo,2026-09-29 14:00:00,29.0,45.0,6.7,46.0,0.0,Cerah,-0.4999999999999997,-0.8660254037844388,29.666666666666668,44.666666666666664,6.433333333333334,29.666666666666668,44.666666666666664,0
35.73.02.1008,Oro-oro Dowo,2026-09-29 15:00:00,27.333333333333332,55.333333333333336,6.0,42.0,0.0,Cerah,-0.7071067811865471,-0.7071067811865479,29.0,45.0,6.7,28.666666666666668,48.333333333333336,0
35.73.02.1008,Oro-oro Dowo,2026-09-29 16:00:00,25.666666666666668,65.66666666666667,5.3,38.0,0.0,Cerah,-0.8660254037844384,-0.5000000000000004,27.333333333333332,55.333333333333336,6.0,27.333333333333332,55.333333333333336,0
35.73.02.1008,Oro-oro Dowo,2026-09-29 17:00:00,24.0,76.0,4.6,34.0,0.0,Cerah,-0.9659258262890683,-0.25881904510252063,25.666666666666668,65.66666666666667,5.3,25.666666666666668,65.66666666666667,0
35.73.02.1008,Oro-oro Dowo,2026-09-29 18:00:00,23.333333333333332,81.0,3.6999999999999997,28.666666666666668,0.0,Cerah,-1.0,-1.8369701987210297e-16,24.0,76.0,4.6,24.333333333333332,74.22222222222221,0
35.73.02.1008,Oro-oro Dowo,2026-09-29 19:00:00,22.666666666666668,86.0,2.8,23.333333333333336,0.0,Cerah,-0.9659258262890684,0.2588190451025203,23.333333333333332,81.0,3.6999999999999997,23.333333333333332,81.0,0
35.73.02.1008,Oro-oro Dowo,2026-09-29 20:00:00,22.0,91.0,1.9,18.0,0.0,Cerah,-0.8660254037844386,0.5000000000000001,22.666666666666668,86.0,2.8,22.666666666666668,86.0,0
35.73.02.1008,Oro-oro Dowo,2026-09-29 21:00:00,21.333333333333332,92.33333333333333,1.8,25.0,0.0,Cerah,-0.7071067811865477,0.7071067811865474,22.0,91.0,1.9,22.0,89.77777777777777,0
35.73.02.1008,Oro-oro Dowo,2026-09-29 22:00:00,20.666666666666668,93.66666666666667,1.7,32.0,0.0,Cerah,-0.5000000000000004,0.8660254037844384,21.333333333333332,92.33333333333333,1.8,21.333333333333332,92.33333333333333,0
35.73.02.1008,Oro-oro Dowo,2026-09-29 23:00:00,20.0,95.0,1.6,39.0,0.0,Udara Kabur,-0.25881904510252157,0.9659258262890681,20.666666666666668,93.66666666666667,1.7,20.666666666666668,93.66666666666667,0
35.73.02.1008,Oro-oro Dowo,2026-09-30 00:00:00,20.0,94.33333333333333,1.5333333333333334,57.66666666666667,0.0,Udara Kabur,0.0,1.0,20.0,95.0,1.6,20.222222222222225,94.33333333333333,0
35.73.02.1008,Oro-oro Dowo,2026-09-30 01:00:00,20.0,93.66666666666667,1.4666666666666666,76.33333333333334,0.0,Udara Kabur,0.25881904510252074,0.9659258262890683,20.0,94.33333333333333,1.5333333333333334,20.0,94.33333333333333,0
35.73.02.1008,Oro-oro Dowo,2026-09-30 02:00:00,20.0,93.0,1.4,95.0,0.0,Udara Kabur,0.49999999999999994,0.8660254037844387,20.0,93.66666666666667,1.4666666666666666,20.0,93.66666666666667,0
35.73.02.1008,Oro-oro Dowo,2026-09-30 03:00:00,20.333333333333332,90.0,1.3,91.0,0.0,Udara Kabur,0.7071067811865475,0.7071067811865476,20.0,93.0,1.4,20.11111111111111,92.22222222222223,0
35.73.02.1008,Oro-oro Dowo,2026-09-30 04:00:00,20.666666666666668,87.0,1.2,87.0,0.0,Udara Kabur,0.8660254037844386,0.5000000000000001,20.333333333333332,90.0,1.3,20.333333333333332,90.0,0
35.73.02.1008,Oro-oro Dowo,2026-09-30 05:00:00,21.0,84.0,1.1,83.0,0.0,Cerah Berawan,0.9659258262890683,0.25881904510252074,20.666666666666668,87.0,1.2,20.666666666666668,87.0,0
35.73.02.1008,Oro-oro Dowo,2026-09-30 06:00:00,23.0,76.33333333333333,1.1,63.0,0.03333333333333333,Cerah Berawan,1.0,6.123233995736766e-17,21.0,84.0,1.1,21.555555555555557,82.44444444444444,1
35.73.02.1008,Oro-oro Dowo,2026-09-30 07:00:00,25.0,68.66666666666667,1.1,43.0,0.06666666666666667,Cerah Berawan,0.9659258262890683,-0.25881904510252063,23.0,76.33333333333333,1.1,23.0,76.33333333333333,1
35.73.02.1008,Oro-oro Dowo,2026-09-30 08:00:00,27.0,61.0,1.1,23.0,0.1,Cerah,0.8660254037844387,-0.4999999999999998,25.0,68.66666666666667,1.1,25.0,68.66666666666667,1
35.73.02.1008,Oro-oro Dowo,2026-09-30 09:00:00,28.0,56.666666666666664,2.066666666666667,39.33333333333333,0.1,Cerah,0.7071067811865476,-0.7071067811865475,27.0,61.0,1.1,26.666666666666668,62.111111111111114,1
35.73.02.1008,Oro-oro Dowo,2026-09-30 10:00:00,29.0,52.333333333333336,3.033333333333333,55.666666666666664,0.1,Cerah,0.49999999999999994,-0.8660254037844387,28.0,56.666666666666664,2.066666666666667,28.0,56.666666666666664,1
35.73.02.1008,Oro-oro Dowo,2026-09-30 11:00:00,30.0,48.0,4.0,72.0,0.1,Cerah Berawan,0.258819045102521,-0.9659258262890682,29.0,52.333333333333336,3.033333333333333,29.0,52.333333333333336,1
35.73.02.1008,Oro-oro Dowo,2026-09-30 12:00:00,28.666666666666668,57.0,4.0,69.33333333333333,0.3666666666666667,Cerah Berawan,1.2246467991473532e-16,-1.0,30.0,48.0,4.0,29.222222222222225,52.44444444444445,1
35.73.02.1008,Oro-oro Dowo,2026-09-30 13:00:00,27.333333333333332,66.0,4.0,66.66666666666667,0.6333333333333333,Cerah Berawan,-0.2588190451025208,-0.9659258262890683,28.666666666666668,57.0,4.0,28.666666666666668,57.0,1
35.73.02.1008,Oro-oro Dowo,2026-09-30 14:00:00,26.0,75.0,4.0,64.0,0.9,Cerah Berawan,-0.4999999999999997,-0.8660254037844388,27.333333333333332,66.0,4.0,27.333333333333332,66.0,1
35.73.02.1008,Oro-oro Dowo,2026-09-30 15:00:00,25.0,81.33333333333333,4.233333333333333,67.66666666666667,0.9,Cerah Berawan,-0.7071067811865471,-0.7071067811865479,26.0,75.0,4.0,26.11111111111111,74.1111111111111,1
35.73.02.1008,Oro-oro Dowo,2026-09-30 16:00:00,24.0,87.66666666666667,4.466666666666667,71.33333333333333,0.9,Cerah Berawan,-0.8660254037844384,-0.5000000000000004,25.0,81.33333333333333,4.233333333333333,25.0,81.33333333333333,1
35.73.02.1008,Oro-oro Dowo,2026-09-30 17:00:00,23.0,94.0,4.7,75.0,0.9,Cerah Berawan,-0.9659258262890683,-0.25881904510252063,24.0,87.66666666666667,4.466666666666667,24.0,87.66666666666667,1
35.73.02.1008,Oro-oro Dowo,2026-09-30 18:00:00,22.666666666666668,95.0,4.7,67.33333333333333,0.6000000000000001,Cerah Berawan,-1.0,-1.8369701987210297e-16,23.0,94.0,4.7,23.222222222222225,92.22222222222223,1
35.73.02.1008,Oro-oro Dowo,2026-09-30 19:00:00,22.333333333333332,96.0,4.7,59.666666666666664,0.30000000000000004,Cerah Berawan,-0.9659258262890684,0.2588190451025203,22.666666666666668,95.0,4.7,22.666666666666668,95.0,1
35.73.02.1008,Oro-oro Dowo,2026-09-30 20:00:00,22.0,97.0,4.7,52.0,0.0,Cerah,-0.8660254037844386,0.5000000000000001,22.333333333333332,96.0,4.7,22.333333333333332,96.0,0
35.73.02.1008,Oro-oro Dowo,2026-09-30 21:00:00,21.666666666666668,97.0,4.1,46.666666666666664,0.0,Cerah,-0.7071067811865477,0.7071067811865474,22.0,97.0,4.7,22.0,96.66666666666667,0
35.73.02.1008,Oro-oro Dowo,2026-09-30 22:00:00,21.333333333333332,97.0,3.5,41.333333333333336,0.0,Cerah,-0.5000000000000004,0.8660254037844384,21.666666666666668,97.0,4.1,21.666666666666668,97.0,0
35.73.02.1008,Oro-oro Dowo,2026-09-30 23:00:00,21.0,97.0,2.9,36.0,0.0,Udara Kabur,-0.25881904510252157,0.9659258262890681,21.333333333333332,97.0,3.5,21.333333333333332,97.0,0
35.73.02.1009,Bareng,2026-09-28 20:00:00,21.0,94.0,1.7,96.0,0.0,Udara Kabur,-0.8660254037844386,0.5000000000000001,,,,,,0
35.73.02.1009,Bareng,2026-09-28 21:00:00,20.666666666666668,94.0,2.033333333333333,89.33333333333333,0.0,Udara Kabur,-0.7071067811865477,0.7071067811865474,21.0,94.0,1.7,,,0
35.73.02.1009,Bareng,2026-09-28 22:00:00,20.333333333333332,94.0,2.3666666666666667,82.66666666666667,0.0,Udara Kabur,-0.5000000000000004,0.8660254037844384,20.666666666666668,94.0,2.033333333333333,20.666666666666668,94.0,0
35.73.02.1009,Bareng,2026-09-28 23:00:00,20.0,94.0,2.7,76.0,0.0,Udara Kabur,-0.25881904510252157,0.9659258262890681,20.333333333333332,94.0,2.3666666666666667,20.333333333333332,94.0,0
35.73.02.1009,Bareng,2026-09-29 00:00:00,20.0,92.33333333333333,2.666666666666667,62.666666666666664,0.0,Udara Kabur,0.0,1.0,20.0,94.0,2.7,20.11111111111111,93.44444444444444,0
35.73.02.1009,Bareng,2026-09-29 01:00:00,20.0,90.66666666666667,2.6333333333333333,49.33333333333333,0.0,Udara Kabur,0.25881904510252074,0.9659258262890683,20.0,92.33333333333333,2.666666666666667,20.0,92.33333333333333,0
35.73.02.1009,Bareng,2026-09-29 02:00:00,20.0,89.0,2.6,36.0,0.0,Udara Kabur,0.49999999999999994,0.8660254037844387,20.0,90.66666666666667,2.6333333333333333,20.0,90.66666666666667,0
35.73.02.1009,Bareng,2026-09-29 03:00:00,20.333333333333332,86.66666666666667,2.3,26.666666666666664,0.0,Udara Kabur,0.7071067811865475,0.7071067811865476,20.0,89.0,2.6,20.11111111111111,88.77777777777779,0
35.73.02.1009,Bareng,2026-09-29 04:00:00,20.666666666666668,84.33333333333333,2.0,17.333333333333332,0.0,Udara Kabur,0.8660254037844386,0.5000000000000001,20.333333333333332,86.66666666666667,2.3,20.333333333333332,86.66666666666667,0
35.73.02.1009,Bareng,2026-09-29 05:00:00,21.0,82.0,1.7,8.0,0.0,Udara Kabur,0.9659258262890683,0.25881904510252074,20.666666666666668,84.33333333333333,2.0,20.666666666666668,84.33333333333333,0
35.73.02.1009,Bareng,2026-09-29 06:00:00,23.0,74.33333333333333,3.6,9.333333333333334,0.0,Udara Kabur,1.0,6.123233995736766e-17,21.0,82.0,1.7,21.555555555555557,80.22222222222221,0
35.73.02.1009,Bareng,2026-09-29 07:00:00,25.0,66.66666666666667,5.5,10.666666666666666,0.0,Udara Kabur,0.9659258262890683,-0.25881904510252063,23.0,74.33333333333333,3.6,23.0,74.33333333333333,0
35.73.02.1009,Bareng,2026-09-29 08:00:00,27.0,59.0,7.4,12.0,0.0,Cerah,0.8660254037844387,-0.4999999999999998,25.0,66.66666666666667,5.5,25.0,66.66666666666667,0
35.73.02.1009,Bareng,2026-09-29 09:00:00,28.333333333333332,54.0,6.9,18.333333333333332,0.0,Cerah,0.7071067811865476,-0.7071067811865475,27.0,59.0,7.4,26.777777777777775,59.88888888888889,0
35.73.02.1009,Bareng,2026-09-29 10:00:00,29.666666666666668,49.0,6.4,24.666666666666664,0.0,Cerah,0.49999999999999994,-0.8660254037844387,28.333333333333332,54.0,6.9,28.333333333333332,54.0,0
35.73.02.1009,Bareng,2026-09-29 11:00:00,31.0,44.0,5.9,31.0,0.0,Cerah,0.258819045102521,-0.9659258262890682,29.666666666666668,49.0,6.4,29.666666666666668,49.0,0
35.73.02.1009,Bareng,2026-09-29 12:00:00,30.333333333333332,44.333333333333336,6.166666666666667,36.0,0.0,Cerah,1.2246467991473532e-16,-1.0,31.0,44.0,5.9,30.333333333333332,45.77777777777778,0
35.73.02.1009,Bareng,2026-09-29 13:00:00,29.666666666666668,44.666666666666664,6.433333333333334,41.0,0.0,Cerah,-0.2588190451025208,-0.9659258262890683,30.333333333333332,44.333333333333336,6.166666666666667,30.333333333333332,44.333333333333336,0
35.73.02.1009,Bareng,2026-09-29 14:00:00,29.0,45.0,6.7,46.0,0.0,Cerah,-0.4999999999999997,-0.8660254037844388,29.666666666666668,44.666666666666664,6.433333333333334,29.666666666666668,44.666666666666664,0
35.73.02.1009,Bareng,2026-09-29 15:00:00,27.333333333333332,55.333333333333336,6.0,42.0,0.0,Cerah,-0.7071067811865471,-0.7071067811865479,29.0,45.0,6.7,28.666666666666668,48.333333333333336,0
35.73.02.1009,Bareng,2026-09-29 16:00:00,25.666666666666668,65.66666666666667,5.3,38.0,0.0,Cerah,-0.8660254037844384,-0.5000000000000004,27.333333333333332,55.333333333333336,6.0,27.333333333333332,55.333333333333336,0
35.73.02.1009,Bareng,2026-09-29 17:00:00,24.0,76.0,4.6,34.0,0.0,Cerah,-0.9659258262890683,-0.25881904510252063,25.666666666666668,65.66666666666667,5.3,25.666666666666668,65.66666666666667,0
35.73.02.1009,Bareng,2026-09-29 18:00:00,23.333333333333332,81.0,3.6999999999999997,28.666666666666668,0.0,Cerah,-1.0,-1.8369701987210297e-16,24.0,76.0,4.6,24.333333333333332,74.22222222222221,0
35.73.02.1009,Bareng,2026-09-29 19:00:00,22.666666666666668,86.0,2.8,23.333333333333336,0.0,Cerah,-0.9659258262890684,0.2588190451025203,23.333333333333332,81.0,3.6999999999999997,23.333333333333332,81.0,0
35.73.02.1009,Bareng,2026-09-29 20:00:00,22.0,91.0,1.9,18.0,0.0,Cerah,-0.8660254037844386,0.5000000000000001,22.666666666666668,86.0,2.8,22.666666666666668,86.0,0
35.73.02.1009,Bareng,2026-09-29 21:00:00,21.333333333333332,92.33333333333333,1.8,25.0,0.0,Cerah,-0.7071067811865477,0.7071067811865474,22.0,91.0,1.9,22.0,89.77777777777777,0
35.73.02.1009,Bareng,2026-09-29 22:00:00,20.666666666666668,93.66666666666667,1.7,32.0,0.0,Cerah,-0.5000000000000004,0.8660254037844384,21.333333333333332,92.33333333333333,1.8,21.333333333333332,92.33333333333333,0
35.73.02.1009,Bareng,2026-09-29 23:00:00,20.0,95.0,1.6,39.0,0.0,Udara Kabur,-0.25881904510252157,0.9659258262890681,20.666666666666668,93.66666666666667,1.7,20.666666666666668,93.66666666666667,0
35.73.02.1009,Bareng,2026-09-30 00:00:00,20.0,94.33333333333333,1.5333333333333334,57.66666666666667,0.0,Udara Kabur,0.0,1.0,20.0,95.0,1.6,20.222222222222225,94.33333333333333,0
35.73.02.1009,Bareng,2026-09-30 01:00:00,20.0,93.66666666666667,1.4666666666666666,76.33333333333334,0.0,Udara Kabur,0.25881904510252074,0.9659258262890683,20.0,94.33333333333333,1.5333333333333334,20.0,94.33333333333333,0
35.73.02.1009,Bareng,2026-09-30 02:00:00,20.0,93.0,1.4,95.0,0.0,Udara Kabur,0.49999999999999994,0.8660254037844387,20.0,93.66666666666667,1.4666666666666666,20.0,93.66666666666667,0
35.73.02.1009,Bareng,2026-09-30 03:00:00,20.333333333333332,90.0,1.3,91.0,0.0,Udara Kabur,0.7071067811865475,0.7071067811865476,20.0,93.0,1.4,20.11111111111111,92.22222222222223,0
35.73.02.1009,Bareng,2026-09-30 04:00:00,20.666666666666668,87.0,1.2,87.0,0.0,Udara Kabur,0.8660254037844386,0.5000000000000001,20.333333333333332,90.0,1.3,20.333333333333332,90.0,0
35.73.02.1009,Bareng,2026-09-30 05:00:00,21.0,84.0,1.1,83.0,0.0,Cerah Berawan,0.9659258262890683,0.25881904510252074,20.666666666666668,87.0,1.2,20.666666666666668,87.0,0
35.73.02.1009,Bareng,2026-09-30 06:00:00,23.0,76.33333333333333,1.1,63.0,0.03333333333333333,Cerah Berawan,1.0,6.123233995736766e-17,21.0,84.0,1.1,21.555555555555557,82.44444444444444,1
35.73.02.1009,Bareng,2026-09-30 07:00:00,25.0,68.66666666666667,1.1,43.0,0.06666666666666667,Cerah Berawan,0.9659258262890683,-0.25881904510252063,23.0,76.33333333333333,1.1,23.0,76.33333333333333,1
35.73.02.1009,Bareng,2026-09-30 08:00:00,27.0,61.0,1.1,23.0,0.1,Cerah,0.8660254037844387,-0.4999999999999998,25.0,68.66666666666667,1.1,25.0,68.66666666666667,1
35.73.02.1009,Bareng,2026-09-30 09:00:00,28.0,56.666666666666664,2.066666666666667,39.33333333333333,0.1,Cerah,0.7071067811865476,-0.7071067811865475,27.0,61.0,1.1,26.666666666666668,62.111111111111114,1
35.73.02.1009,Bareng,2026-09-30 10:00:00,29.0,52.333333333333336,3.033333333333333,55.666666666666664,0.1,Cerah,0.49999999999999994,-0.8660254037844387,28.0,56.666666666666664,2.066666666666667,28.0,56.666666666666664,1
35.73.02.1009,Bareng,2026-09-30 11:00:00,30.0,48.0,4.0,72.0,0.1,Cerah Berawan,0.258819045102521,-0.9659258262890682,29.0,52.333333333333336,3.033333333333333,29.0,52.333333333333336,1
35.73.02.1009,Bareng,2026-09-30 12:00:00,28.666666666666668,57.0,4.0,69.33333333333333,0.3666666666666667,Cerah Berawan,1.2246467991473532e-16,-1.0,30.0,48.0,4.0,29.222222222222225,52.44444444444445,1
35.73.02.1009,Bareng,2026-09-30 13:00:00,27.333333333333332,66.0,4.0,66.66666666666667,0.6333333333333333,Cerah Berawan,-0.2588190451025208,-0.9659258262890683,28.666666666666668,57.0,4.0,28.666666666666668,57.0,1
35.73.02.1009,Bareng,2026-09-30 14:00:00,26.0,75.0,4.0,64.0,0.9,Cerah Berawan,-0.4999999999999997,-0.8660254037844388,27.333333333333332,66.0,4.0,27.333333333333332,66.0,1
35.73.02.1009,Bareng,2026-09-30 15:00:00,25.0,81.33333333333333,4.233333333333333,67.66666666666667,0.9,Cerah Berawan,-0.7071067811865471,-0.7071067811865479,26.0,75.0,4.0,26.11111111111111,74.1111111111111,1
35.73.02.1009,Bareng,2026-09-30 16:00:00,24.0,87.66666666666667,4.466666666666667,71.33333333333333,0.9,Cerah Berawan,-0.8660254037844384,-0.5000000000000004,25.0,81.33333333333333,4.233333333333333,25.0,81.33333333333333,1
35.73.02.1009,Bareng,2026-09-30 17:00:00,23.0,94.0,4.7,75.0,0.9,Cerah Berawan,-0.9659258262890683,-0.25881904510252063,24.0,87.66666666666667,4.466666666666667,24.0,87.66666666666667,1
35.73.02.1009,Bareng,2026-09-30 18:00:00,22.666666666666668,95.0,4.7,67.33333333333333,0.6000000000000001,Cerah Berawan,-1.0,-1.8369701987210297e-16,23.0,94.0,4.7,23.222222222222225,92.22222222222223,1
35.73.02.1009,Bareng,2026-09-30 19:00:00,22.333333333333332,96.0,4.7,59.666666666666664,0.30000000000000004,Cerah Berawan,-0.9659258262890684,0.2588190451025203,22.666666666666668,95.0,4.7,22.666666666666668,95.0,1
35.73.02.1009,Bareng,2026-09-30 20:00:00,22.0,97.0,4.7,52.0,0.0,Cerah,-0.8660254037844386,0.5000000000000001,22.333333333333332,96.0,4.7,22.333333333333332,96.0,0
35.73.02.1009,Bareng,2026-09-30 21:00:00,21.666666666666668,97.0,4.1,46.666666666666664,0.0,Cerah,-0.7071067811865477,0.7071067811865474,22.0,97.0,4.7,22.0,96.66666666666667,0
35.73.02.1009,Bareng,2026-09-30 22:00:00,21.333333333333332,97.0,3.5,41.333333333333336,0.0,Cerah,-0.5000000000000004,0.8660254037844384,21.666666666666668,97.0,4.1,21.666666666666668,97.0,0
35.73.02.1009,Bareng,2026-09-30 23:00:00,21.0,97.0,2.9,36.0,0.0,Udara Kabur,-0.25881904510252157,0.9659258262890681,21.333333333333332,97.0,3.5,21.333333333333332,97.0,0
35.73.03.1001,Kotalama,2026-09-28 19:00:00,23.0,89.0,4.2,95.0,0.0,Berawan,-0.9659258262890684,0.2588190451025203,,,,,,0
35.73.03.1001,Kotalama,2026-09-28 20:00:00,22.333333333333332,90.66666666666667,3.033333333333333,89.66666666666667,0.0,Berawan,-0.8660254037844386,0.5000000000000001,23.0,89.0,4.2,,,0
35.73.03.1001,Kotalama,2026-09-28 21:00:00,21.666666666666668,92.33333333333333,1.8666666666666667,84.33333333333333,0.0,Berawan,-0.7071067811865477,0.7071067811865474,22.333333333333332,90.66666666666667,3.033333333333333,22.333333333333332,90.66666666666667,0
35.73.03.1001,Kotalama,2026-09-28 22:00:00,21.0,94.0,0.7,79.0,0.0,Udara Kabur,-0.5000000000000004,0.8660254037844384,21.666666666666668,92.33333333333333,1.8666666666666667,21.666666666666668,92.33333333333333,0
35.73.03.1001,Kotalama,2026-09-28 23:00:00,21.0,92.66666666666667,0.9666666666666666,69.33333333333333,0.0,Udara Kabur,-0.25881904510252157,0.9659258262890681,21.0,94.0,0.7,21.222222222222225,93.0,0
35.73.03.1001,Kotalama,2026-09-29 00:00:00,21.0,91.33333333333333,1.2333333333333334,59.66666666666667,0.0,Udara Kabur,0.0,1.0,21.0,92.66666666666667,0.9666666666666666,21.0,92.66666666666667,0
35.73.03.1001,Kotalama,2026-09-29 01:00:00,21.0,90.0,1.5,50.0,0.0,Udara Kabur,0.25881904510252074,0.9659258262890683,21.0,91.33333333333333,1.2333333333333334,21.0,91.33333333333333,0
35.73.03.1001,Kotalama,2026-09-29 02:00:00,21.0,88.33333333333333,1.1333333333333333,37.666666666666664,0.0,Udara Kabur,0.49999999999999994,0.8660254037844387,21.0,90.0,1.5,21.0,89.88888888888887,0
35.73.03.1001,Kotalama,2026-09-29 03:00:00,21.0,86.66666666666667,0.7666666666666666,25.333333333333332,0.0,Udara Kabur,0.7071067811865475,0.7071067811865476,21.0,88.33333333333333,1.1333333333333333,21.0,88.33333333333333,0
35.73.03.1001,Kotalama,2026-09-29 04:00:00,21.0,85.0,0.4,13.0,0.0,Cerah,0.8660254037844386,0.5000000000000001,21.0,86.66666666666667,0.7666666666666666,21.0,86.66666666666667,0
35.73.03.1001,Kotalama,2026-09-29 05:00:00,22.666666666666668,78.33333333333333,0.7,11.333333333333334,0.0,Cerah,0.9659258262890683,0.25881904510252074,21.0,85.0,0.4,21.555555555555557,83.33333333333333,0
35.73.03.1001,Kotalama,2026-09-29 06:00:00,24.333333333333332,71.66666666666667,1.0,9.666666666666666,0.0,Cerah,1.0,6.123233995736766e-17,22.666666666666668,78.33333333333333,0.7,22.666666666666668,78.33333333333333,0
35.73.03.1001,Kotalama,2026-09-29 07:00:00,26.0,65.0,1.3,8.0,0.0,Udara Kabur,0.9659258262890683,-0.25881904510252063,24.333333333333332,71.66666666666667,1.0,24.333333333333332,71.66666666666667,0
35.73.03.1001,Kotalama,2026-09-29 08:00:00,27.333333333333332,59.333333333333336,1.4666666666666668,20.0,0.0,Udara Kabur,0.8660254037844387,-0.4999999999999998,26.0,65.0,1.3,25.888888888888886,65.33333333333334,0
35.73.03.1001,Kotalama,2026-09-29 09:00:00,28.666666666666668,53.666666666666664,1.6333333333333333,32.0,0.0,Udara Kabur,0.7071067811865476,-0.7071067811865475,27.333333333333332,59.333333333333336,1.4666666666666668,27.333333333333332,59.333333333333336,0
35.73.03.1001,Kotalama,2026-09-29 10:00:00,30.0,48.0,1.8,44.0,0.0,Cerah,0.49999999999999994,-0.8660254037844387,28.666666666666668,53.666666666666664,1.6333333333333333,28.666666666666668,53.666666666666664,0
35.73.03.1001,Kotalama,2026-09-29 11:00:00,30.333333333333332,45.666666666666664,5.566666666666666,48.0,0.0,Cerah,0.258819045102521,-0.9659258262890682,30.0,48.0,1.8,29.666666666666668,49.11111111111111,0
35.73.03.1001,Kotalama,2026-09-29 12:00:00,30.666666666666668,43.333333333333336,9.333333333333332,52.0,0.0,Cerah,1.2246467991473532e-16,-1.0,30.333333333333332,45.666666666666664,5.566666666666666,30.333333333333332,45.666666666666664,0
35.73.03.1001,Kotalama,2026-09-29 13:00:00,31.0,41.0,13.1,56.0,0.0,Cerah,-0.2588190451025208,-0.9659258262890683,30.666666666666668,43.333333333333336,9.333333333333332,30.666666666666668,43.333333333333336,0
35.73.03.1001,Kotalama,2026-09-29 14:00:00,29.666666666666668,47.0,9.933333333333334,47.333333333333336,0.0,Cerah,-0.4999999999999997,-0.8660254037844388,31.0,41.0,13.1,30.444444444444446,43.77777777777778,0
35.73.03.1001,Kotalama,2026-09-29 15:00:00,28.333333333333332,53.0,6.766666666666667,38.66666666666667,0.0,Cerah,-0.7071067811865471,-0.7071067811865479,29.666666666666668,47.0,9.933333333333334,29.666666666666668,47.0,0
35.73.03.1001,Kotalama,2026-09-29 16:00:00,27.0,59.0,3.6,30.0,0.0,Cerah,-0.8660254037844384,-0.5000000000000004,28.333333333333332,53.0,6.766666666666667,28.333333333333332,53.0,0
35.73.03.1001,Kotalama,2026-09-29 17:00:00,25.666666666666668,68.33333333333333,4.066666666666666,28.666666666666668,0.0,Cerah,-0.9659258262890683,-0.25881904510252063,27.0,59.0,3.6,27.0,60.11111111111111,0
35.73.03.1001,Kotalama,2026-09-29 18:00:00,24.333333333333332,77.66666666666667,4.533333333333333,27.333333333333332,0.0,Cerah,-1.0,-1.8369701987210297e-16,25.666666666666668,68.33333333333333,4.066666666666666,25.666666666666668,68.33333333333333,0
35.73.03.1001,Kotalama,2026-09-29 19:00:00,23.0,87.0,5.0,26.0,0.0,Cerah,-0.9659258262890684,0.2588190451025203,24.333333333333332,77.66666666666667,4.533333333333333,24.333333333333332,77.66666666666667,0
35.73.03.1001,Kotalama,2026-09-29 20:00:00,22.666666666666668,89.33333333333333,4.2,23.333333333333332,0.0,Cerah,-0.8660254037844386,0.5000000000000001,23.0,87.0,5.0,23.333333333333332,84.66666666666667,0
35.73.03.1001,Kotalama,2026-09-29 21:00:00,22.333333333333332,91.66666666666667,3.4000000000000004,20.666666666666668,0.0,Cerah,-0.7071067811865477,0.7071067811865474,22.666666666666668,89.33333333333333,4.2,22.666666666666668,89.33333333333333,0
35.73.03.1001,Kotalama,2026-09-29 22:00:00,22.0,94.0,2.6,18.0,0.0,Cerah,-0.5000000000000004,0.8660254037844384,22.333333333333332,91.66666666666667,3.4000000000000004,22.333333333333332,91.66666666666667,0
35.73.03.1001,Kotalama,2026-09-29 23:00:00,21.666666666666668,93.66666666666667,2.1333333333333333,39.0,0.0,Cerah,-0.25881904510252157,0.9659258262890681,22.0,94.0,2.6,22.0,93.11111111111113,0
35.73.03.1001,Kotalama,2026-09-30 00:00:00,21.333333333333332,93.33333333333333,1.6666666666666665,60.0,0.0,Cerah,0.0,1.0,21.666666666666668,93.66666666666667,2.1333333333333333,21.666666666666668,93.66666666666667,0
35.73.03.1001,Kotalama,2026-09-30 01:00:00,21.0,93.0,1.2,81.0,0.0,Cerah Berawan,0.25881904510252074,0.9659258262890683,21.333333333333332,93.33333333333333,1.6666666666666665,21.333333333333332,93.33333333333333,0
35.73.03.1001,Kotalama,2026-09-30 02:00:00,20.666666666666668,92.66666666666667,0.9333333333333333,87.0,0.0,Cerah Berawan,0.49999999999999994,0.8660254037844387,21.0,93.0,1.2,21.0,93.0,0
35.73.03.1001,Kotalama,2026-09-30 03:00:00,20.333333333333332,92.33333333333333,0.6666666666666666,93.0,0.0,Cerah Berawan,0.7071067811865475,0.7071067811865476,20.666666666666668,92.66666666666667,0.9333333333333333,20.666666666666668,92.66666666666667,0
35.73.03.1001,Kotalama,2026-09-30 04:00:00,20.0,92.0,0.4,99.0,0.0,Udara Kabur,0.8660254037844386,0.5000000000000001,20.333333333333332,92.33333333333333,0.6666666666666666,20.333333333333332,92.33333333333333,0
35.73.03.1001,Kotalama,2026-09-30 05:00:00,21.666666666666668,84.0,0.9,73.33333333333333,0.03333333333333333,Udara Kabur,0.9659258262890683,0.25881904510252074,20.0,92.0,0.4,20.666666666666668,89.44444444444444,1
35.73.03.1001,Kotalama,2026-09-30 06:00:00,23.333333333333332,76.0,1.4,47.666666666666664,0.06666666666666667,Udara Kabur,1.0,6.123233995736766e-17,21.666666666666668,84.0,0.9,21.666666666666668,84.0,1
35.73.03.1001,Kotalama,2026-09-30 07:00:00,25.0,68.0,1.9,22.0,0.1,Cerah,0.9659258262890683,-0.25881904510252063,23.333333333333332,76.0,1.4,23.333333333333332,76.0,1
35.73.03.1001,Kotalama,2026-09-30 08:00:00,27.0,60.666666666666664,2.2333333333333334,32.0,0.1,Cerah,0.8660254037844387,-0.4999999999999998,25.0,68.0,1.9,25.11111111111111,68.22222222222221,1
35.73.03.1001,Kotalama,2026-09-30 09:00:00,29.0,53.333333333333336,2.5666666666666664,42.0,0.1,Cerah,0.7071067811865476,-0.7071067811865475,27.0,60.666666666666664,2.2333333333333334,27.0,60.666666666666664,1
35.73.03.1001,Kotalama,2026-09-30 10:00:00,31.0,46.0,2.9,52.0,0.1,Cerah,0.49999999999999994,-0.8660254037844387,29.0,53.333333333333336,2.5666666666666664,29.0,53.333333333333336,1
35.73.03.1001,Kotalama,2026-09-30 11:00:00,30.0,50.666666666666664,2.9,58.666666666666664,0.26666666666666666,Cerah,0.258819045102521,-0.9659258262890682,31.0,46.0,2.9,30.0,50.0,1
35.73.03.1001,Kotalama,2026-09-30 12:00:00,29.0,55.333333333333336,2.9,65.33333333333333,0.43333333333333335,Cerah,1.2246467991473532e-16,-1.0,30.0,50.666666666666664,2.9,30.0,50.666666666666664,1
35.73.03.1001,Kotalama,2026-09-30 13:00:00,28.0,60.0,2.9,72.0,0.6,Cerah Berawan,-0.2588190451025208,-0.9659258262890683,29.0,55.333333333333336,2.9,29.0,55.333333333333336,1
35.73.03.1001,Kotalama,2026-09-30 14:00:00,26.666666666666668,69.0,3.966666666666667,64.0,0.6,Cerah Berawan,-0.4999999999999997,-0.8660254037844388,28.0,60.0,2.9,27.88888888888889,61.44444444444445,1
35.73.03.1001,Kotalama,2026-09-30 15:00:00,25.333333333333332,78.0,5.033333333333333,56.0,0.6,Cerah Berawan,-0.7071067811865471,-0.7071067811865479,26.666666666666668,69.0,3.966666666666667,26.666666666666668,69.0,1
35.73.03.1001,Kotalama,2026-09-30 16:00:00,24.0,87.0,6.1,48.0,0.6,Cerah,-0.8660254037844384,-0.5000000000000004,25.333333333333332,78.0,5.033333333333333,25.333333333333332,78.0,1
35.73.03.1001,Kotalama,2026-09-30 17:00:00,23.666666666666668,89.66666666666667,6.1,47.333333333333336,0.4,Cerah,-0.9659258262890683,-0.25881904510252063,24.0,87.0,6.1,24.333333333333332,84.8888888888889,1
35.73.03.1001,Kotalama,2026-09-30 18:00:00,23.333333333333332,92.33333333333333,6.1,46.666666666666664,0.2,Cerah,-1.0,-1.8369701987210297e-16,23.666666666666668,89.66666666666667,6.1,23.666666666666668,89.66666666666667,1
35.73.03.1001,Kotalama,2026-09-30 19:00:00,23.0,95.0,6.1,46.0,0.0,Cerah,-0.9659258262890684,0.2588190451025203,23.333333333333332,92.33333333333333,6.1,23.333333333333332,92.33333333333333,0
35.73.03.1001,Kotalama,2026-09-30 20:00:00,22.666666666666668,95.66666666666667,4.366666666666666,47.666666666666664,0.0,Cerah,-0.8660254037844386,0.5000000000000001,23.0,95.0,6.1,23.0,94.33333333333333,0
35.73.03.1001,Kotalama,2026-09-30 21:00:00,22.333333333333332,96.33333333333333,2.6333333333333333,49.333333333333336,0.0,Cerah,-0.7071067811865477,0.7071067811865474,22.666666666666668,95.66666666666667,4.366666666666666,22.666666666666668,95.66666666666667,0
35.73.03.1001,Kotalama,2026-09-30 22:00:00,22.0,97.0,0.9,51.0,0.0,Cerah,-0.5000000000000004,0.8660254037844384,22.333333333333332,96.33333333333333,2.6333333333333333,22.333333333333332,96.33333333333333,0
35.73.03.1003,Bumiayu,2026-09-28 20:00:00,22.0,94.0,1.7,95.0,0.0,Udara Kabur,-0.8660254037844386,0.5000000000000001,,,,,,0
35.73.03.1003,Bumiayu,2026-09-28 21:00:00,21.666666666666668,93.66666666666667,2.033333333333333,87.66666666666667,0.0,Udara Kabur,-0.7071067811865477,0.7071067811865474,22.0,94.0,1.7,,,0
35.73.03.1003,Bumiayu,2026-09-28 22:00:00,21.333333333333332,93.33333333333333,2.3666666666666667,80.33333333333333,0.0,Udara Kabur,-0.5000000000000004,0.8660254037844384,21.666666666666668,93.66666666666667,2.033333333333333,21.666666666666668,93.66666666666667,0
35.73.03.1003,Bumiayu,2026-09-28 23:00:00,21.0,93.0,2.7,73.0,0.0,Udara Kabur,-0.25881904510252157,0.9659258262890681,21.333333333333332,93.33333333333333,2.3666666666666667,21.333333333333332,93.33333333333333,0
35.73.03.1003,Bumiayu,2026-09-29 00:00:00,20.666666666666668,92.0,2.666666666666667,62.333333333333336,0.0,Udara Kabur,0.0,1.0,21.0,93.0,2.7,21.0,92.77777777777777,0
35.73.03.1003,Bumiayu,2026-09-29 01:00:00,20.333333333333332,91.0,2.6333333333333333,51.66666666666667,0.0,Udara Kabur,0.25881904510252074,0.9659258262890683,20.666666666666668,92.0,2.666666666666667,20.666666666666668,92.0,0
35.73.03.1003,Bumiayu,2026-09-29 02:00:00,20.0,90.0,2.6,41.0,0.0,Cerah,0.49999999999999994,0.8660254037844387,20.333333333333332,91.0,2.6333333333333333,20.333333333333332,91.0,0
35.73.03.1003,Bumiayu,2026-09-29 03:00:00,20.333333333333332,88.0,2.3,34.0,0.0,Cerah,0.7071067811865475,0.7071067811865476,20.0,90.0,2.6,20.222222222222218,89.66666666666667,0
35.73.03.1003,Bumiayu,2026-09-29 04:00:00,20.666666666666668,86.0,2.0,27.0,0.0,Cerah,0.8660254037844386,0.5000000000000001,20.333333333333332,88.0,2.3,20.333333333333332,88.0,0
35.73.03.1003,Bumiayu,2026-09-29 05:00:00,21.0,84.0,1.7,20.0,0.0,Udara Kabur,0.9659258262890683,0.25881904510252074,20.666666666666668,86.0,2.0,20.666666666666668,86.0,0
35.73.03.1003,Bumiayu,2026-09-29 06:00:00,23.333333333333332,76.0,3.6,17.333333333333332,0.0,Udara Kabur,1.0,6.123233995736766e-17,21.0,84.0,1.7,21.666666666666668,82.0,0
35.73.03.1003,Bumiayu,2026-09-29 07:00:00,25.666666666666668,68.0,5.5,14.666666666666668,0.0,Udara Kabur,0.9659258262890683,-0.25881904510252063,23.333333333333332,76.0,3.6,23.333333333333332,76.0,0
35.73.03.1003,Bumiayu,2026-09-29 08:00:00,28.0,60.0,7.4,12.0,0.0,Cerah,0.8660254037844387,-0.4999999999999998,25.666666666666668,68.0,5.5,25.666666666666668,68.0,0
35.73.03.1003,Bumiayu,2026-09-29 09:00:00,29.0,54.666666666666664,6.9,17.666666666666668,0.0,Cerah,0.7071067811865476,-0.7071067811865475,28.0,60.0,7.4,27.555555555555557,60.888888888888886,0
35.73.03.1003,Bumiayu,2026-09-29 10:00:00,30.0,49.333333333333336,6.4,23.333333333333336,0.0,Cerah,0.49999999999999994,-0.8660254037844387,29.0,54.666666666666664,6.9,29.0,54.666666666666664,0
35.73.03.1003,Bumiayu,2026-09-29 11:00:00,31.0,44.0,5.9,29.0,0.0,Cerah,0.258819045102521,-0.9659258262890682,30.0,49.333333333333336,6.4,30.0,49.333333333333336,0
35.73.03.1003,Bumiayu,2026-09-29 12:00:00,30.666666666666668,45.666666666666664,6.166666666666667,34.666666666666664,0.03333333333333333,Cerah,1.2246467991473532e-16,-1.0,31.0,44.0,5.9,30.555555555555557,46.333333333333336,1
35.73.03.1003,Bumiayu,2026-09-29 13:00:00,30.333333333333332,47.333333333333336,6.433333333333334,40.333333333333336,0.06666666666666667,Cerah,-0.2588190451025208,-0.9659258262890683,30.666666666666668,45.666666666666664,6.166666666666667,30.666666666666668,45.666666666666664,1
35.73.03.1003,Bumiayu,2026-09-29 14:00:00,30.0,49.0,6.7,46.0,0.1,Cerah,-0.4999999999999997,-0.8660254037844388,30.333333333333332,47.333333333333336,6.433333333333334,30.333333333333332,47.333333333333336,1
35.73.03.1003,Bumiayu,2026-09-29 15:00:00,28.0,58.333333333333336,6.0,40.666666666666664,0.06666666666666668,Cerah,-0.7071067811865471,-0.7071067811865479,30.0,49.0,6.7,29.444444444444443,51.555555555555564,1
35.73.03.1003,Bumiayu,2026-09-29 16:00:00,26.0,67.66666666666667,5.3,35.333333333333336,0.03333333333333334,Cerah,-0.8660254037844384,-0.5000000000000004,28.0,58.333333333333336,6.0,28.0,58.333333333333336,1
35.73.03.1003,Bumiayu,2026-09-29 17:00:00,24.0,77.0,4.6,30.0,0.0,Cerah,-0.9659258262890683,-0.25881904510252063,26.0,67.66666666666667,5.3,26.0,67.66666666666667,0
35.73.03.1003,Bumiayu,2026-09-29 18:00:00,23.333333333333332,81.33333333333333,3.6999999999999997,25.333333333333332,0.0,Cerah,-1.0,-1.8369701987210297e-16,24.0,77.0,4.6,24.444444444444443,75.33333333333333,0
35.73.03.1003,Bumiayu,2026-09-29 19:00:00,22.666666666666668,85.66666666666667,2.8,20.666666666666664,0.0,Cerah,-0.9659258262890684,0.2588190451025203,23.333333333333332,81.33333333333333,3.6999999999999997,23.333333333333332,81.33333333333333,0
35.73.03.1003,Bumiayu,2026-09-29 20:00:00,22.0,90.0,1.9,16.0,0.0,Cerah,-0.8660254037844386,0.5000000000000001,22.666666666666668,85.66666666666667,2.8,22.666666666666668,85.66666666666667,0
35.73.03.1003,Bumiayu,2026-09-29 21:00:00,21.666666666666668,92.0,1.8,25.333333333333336,0.0,Cerah,-0.7071067811865477,0.7071067811865474,22.0,90.0,1.9,22.111111111111114,89.22222222222223,0
35.73.03.1003,Bumiayu,2026-09-29 22:00:00,21.333333333333332,94.0,1.7,34.66666666666667,0.0,Cerah,-0.5000000000000004,0.8660254037844384,21.666666666666668,92.0,1.8,21.666666666666668,92.0,0
35.73.03.1003,Bumiayu,2026-09-29 23:00:00,21.0,96.0,1.6,44.0,0.0,Cerah,-0.25881904510252157,0.9659258262890681,21.333333333333332,94.0,1.7,21.333333333333332,94.0,0
35.73.03.1003,Bumiayu,2026-09-30 00:00:00,20.666666666666668,95.33333333333333,1.5333333333333334,61.0,0.0,Cerah,0.0,1.0,21.0,96.0,1.6,21.0,95.1111111111111,0
35.73.03.1003,Bumiayu,2026-09-30 01:00:00,20.333333333333332,94.66666666666667,1.4666666666666666,78.0,0.0,Cerah,0.25881904510252074,0.9659258262890683,20.666666666666668,95.33333333333333,1.5333333333333334,20.666666666666668,95.33333333333333,0
35.73.03.1003,Bumiayu,2026-09-30 02:00:00,20.0,94.0,1.4,95.0,0.0,Berawan,0.49999999999999994,0.8660254037844387,20.333333333333332,94.66666666666667,1.4666666666666666,20.333333333333332,94.66666666666667,0
35.73.03.1003,Bumiayu,2026-09-30 03:00:00,20.333333333333332,91.66666666666667,1.3,92.0,0.0,Berawan,0.7071067811865475,0.7071067811865476,20.0,94.0,1.4,20.222222222222218,93.44444444444446,0
35.73.03.1003,Bumiayu,2026-09-30 04:00:00,20.666666666666668,89.33333333333333,1.2,89.0,0.0,Berawan,0.8660254037844386,0.5000000000000001,20.333333333333332,91.66666666666667,1.3,20.333333333333332,91.66666666666667,0
35.73.03.1003,Bumiayu,2026-09-30 05:00:00,21.0,87.0,1.1,86.0,0.0,Cerah Berawan,0.9659258262890683,0.25881904510252074,20.666666666666668,89.33333333333333,1.2,20.666666666666668,89.33333333333333,0
35.73.03.1003,Bumiayu,2026-09-30 06:00:00,23.0,78.66666666666667,1.1,63.33333333333333,0.03333333333333333,Cerah Berawan,1.0,6.123233995736766e-17,21.0,87.0,1.1,21.555555555555557,85.0,1
35.73.03.1003,Bumiayu,2026-09-30 07:00:00,25.0,70.33333333333333,1.1,40.666666666666664,0.06666666666666667,Cerah Berawan,0.9659258262890683,-0.25881904510252063,23.0,78.66666666666667,1.1,23.0,78.66666666666667,1
35.73.03.1003,Bumiayu,2026-09-30 08:00:00,27.0,62.0,1.1,18.0,0.1,Cerah,0.8660254037844387,-0.4999999999999998,25.0,70.33333333333333,1.1,25.0,70.33333333333333,1
35.73.03.1003,Bumiayu,2026-09-30 09:00:00,28.333333333333332,56.666666666666664,2.066666666666667,32.0,0.1,Cerah,0.7071067811865476,-0.7071067811865475,27.0,62.0,1.1,26.777777777777775,62.99999999999999,1
35.73.03.1003,Bumiayu,2026-09-30 10:00:00,29.666666666666668,51.333333333333336,3.033333333333333,46.0,0.1,Cerah,0.49999999999999994,-0.8660254037844387,28.333333333333332,56.666666666666664,2.066666666666667,28.333333333333332,56.666666666666664,1
35.73.03.1003,Bumiayu,2026-09-30 11:00:00,31.0,46.0,4.0,60.0,0.1,Cerah,0.258819045102521,-0.9659258262890682,29.666666666666668,51.333333333333336,3.033333333333333,29.666666666666668,51.333333333333336,1
35.73.03.1003,Bumiayu,2026-09-30 12:00:00,29.333333333333332,56.333333333333336,4.0,59.666666666666664,0.33333333333333337,Cerah,1.2246467991473532e-16,-1.0,31.0,46.0,4.0,30.0,51.22222222222223,1
35.73.03.1003,Bumiayu,2026-09-30 13:00:00,27.666666666666668,66.66666666666667,4.0,59.333333333333336,0.5666666666666668,Cerah,-0.2588190451025208,-0.9659258262890683,29.333333333333332,56.333333333333336,4.0,29.333333333333332,56.333333333333336,1
35.73.03.1003,Bumiayu,2026-09-30 14:00:00,26.0,77.0,4.0,59.0,0.8,Cerah,-0.4999999999999997,-0.8660254037844388,27.666666666666668,66.66666666666667,4.0,27.666666666666668,66.66666666666667,1
35.73.03.1003,Bumiayu,2026-09-30 15:00:00,25.0,82.66666666666667,4.233333333333333,64.0,0.8,Cerah,-0.7071067811865471,-0.7071067811865479,26.0,77.0,4.0,26.222222222222225,75.44444444444444,1
35.73.03.1003,Bumiayu,2026-09-30 16:00:00,24.0,88.33333333333333,4.466666666666667,69.0,0.8,Cerah,-0.8660254037844384,-0.5000000000000004,25.0,82.66666666666667,4.233333333333333,25.0,82.66666666666667,1
35.73.03.1003,Bumiayu,2026-09-30 17:00:00,23.0,94.0,4.7,74.0,0.8,Cerah Berawan,-0.9659258262890683,-0.25881904510252063,24.0,88.33333333333333,4.466666666666667,24.0,88.33333333333333,1
35.73.03.1003,Bumiayu,2026-09-30 18:00:00,22.666666666666668,95.0,4.7,64.0,0.5333333333333334,Cerah Berawan,-1.0,-1.8369701987210297e-16,23.0,94.0,4.7,23.222222222222225,92.44444444444444,1
35.73.03.1003,Bumiayu,2026-09-30 19:00:00,22.333333333333332,96.0,4.7,54.0,0.2666666666666667,Cerah Berawan,-0.9659258262890684,0.2588190451025203,22.666666666666668,95.0,4.7,22.666666666666668,95.0,1
35.73.03.1003,Bumiayu,2026-09-30 20:00:00,22.0,97.0,4.7,44.0,0.0,Cerah,-0.8660254037844386,0.5000000000000001,22.333333333333332,96.0,4.7,22.333333333333332,96.0,0
35.73.03.1003,Bumiayu,2026-09-30 21:00:00,21.666666666666668,97.0,4.1,45.666666666666664,0.0,Cerah,-0.7071067811865477,0.7071067811865474,22.0,97.0,4.7,22.0,96.66666666666667,0
35.73.03.1003,Bumiayu,2026-09-30 22:00:00,21.333333333333332,97.0,3.5,47.333333333333336,0.0,Cerah,-0.5000000000000004,0.8660254037844384,21.666666666666668,97.0,4.1,21.666666666666668,97.0,0
35.73.03.1003,Bumiayu,2026-09-30 23:00:00,21.0,97.0,2.9,49.0,0.0,Udara Kabur,-0.25881904510252157,0.9659258262890681,21.333333333333332,97.0,3.5,21.333333333333332,97.0,0
35.73.03.1005,Buring,2026-09-28 19:00:00,23.0,89.0,4.2,95.0,0.0,Berawan,-0.9659258262890684,0.2588190451025203,,,,,,0
35.73.03.1005,Buring,2026-09-28 20:00:00,22.333333333333332,90.66666666666667,3.033333333333333,89.66666666666667,0.0,Berawan,-0.8660254037844386,0.5000000000000001,23.0,89.0,4.2,,,0
35.73.03.1005,Buring,2026-09-28 21:00:00,21.666666666666668,92.33333333333333,1.8666666666666667,84.33333333333333,0.0,Berawan,-0.7071067811865477,0.7071067811865474,22.333333333333332,90.66666666666667,3.033333333333333,22.333333333333332,90.66666666666667,0
35.73.03.1005,Buring,2026-09-28 22:00:00,21.0,94.0,0.7,79.0,0.0,Udara Kabur,-0.5000000000000004,0.8660254037844384,21.666666666666668,92.33333333333333,1.8666666666666667,21.666666666666668,92.33333333333333,0
35.73.03.1005,Buring,2026-09-28 23:00:00,21.0,92.66666666666667,0.9666666666666666,69.33333333333333,0.0,Udara Kabur,-0.25881904510252157,0.9659258262890681,21.0,94.0,0.7,21.222222222222225,93.0,0
35.73.03.1005,Buring,2026-09-29 00:00:00,21.0,91.33333333333333,1.2333333333333334,59.66666666666667,0.0,Udara Kabur,0.0,1.0,21.0,92.66666666666667,0.9666666666666666,21.0,92.66666666666667,0
35.73.03.1005,Buring,2026-09-29 01:00:00,21.0,90.0,1.5,50.0,0.0,Udara Kabur,0.25881904510252074,0.9659258262890683,21.0,91.33333333333333,1.2333333333333334,21.0,91.33333333333333,0
35.73.03.1005,Buring,2026-09-29 02:00:00,21.0,88.33333333333333,1.1333333333333333,37.666666666666664,0.0,Udara Kabur,0.49999999999999994,0.8660254037844387,21.0,90.0,1.5,21.0,89.88888888888887,0
35.73.03.1005,Buring,2026-09-29 03:00:00,21.0,86.66666666666667,0.7666666666666666,25.333333333333332,0.0,Udara Kabur,0.7071067811865475,0.7071067811865476,21.0,88.33333333333333,1.1333333333333333,21.0,88.33333333333333,0
35.73.03.1005,Buring,2026-09-29 04:00:00,21.0,85.0,0.4,13.0,0.0,Cerah,0.8660254037844386,0.5000000000000001,21.0,86.66666666666667,0.7666666666666666,21.0,86.66666666666667,0
35.73.03.1005,Buring,2026-09-29 05:00:00,22.666666666666668,78.33333333333333,0.7,11.333333333333334,0.0,Cerah,0.9659258262890683,0.25881904510252074,21.0,85.0,0.4,21.555555555555557,83.33333333333333,0
35.73.03.1005,Buring,2026-09-29 06:00:00,24.333333333333332,71.66666666666667,1.0,9.666666666666666,0.0,Cerah,1.0,6.123233995736766e-17,22.666666666666668,78.33333333333333,0.7,22.666666666666668,78.33333333333333,0
35.73.03.1005,Buring,2026-09-29 07:00:00,26.0,65.0,1.3,8.0,0.0,Udara Kabur,0.9659258262890683,-0.25881904510252063,24.333333333333332,71.66666666666667,1.0,24.333333333333332,71.66666666666667,0
35.73.03.1005,Buring,2026-09-29 08:00:00,27.333333333333332,59.333333333333336,1.4666666666666668,20.0,0.0,Udara Kabur,0.8660254037844387,-0.4999999999999998,26.0,65.0,1.3,25.888888888888886,65.33333333333334,0
35.73.03.1005,Buring,2026-09-29 09:00:00,28.666666666666668,53.666666666666664,1.6333333333333333,32.0,0.0,Udara Kabur,0.7071067811865476,-0.7071067811865475,27.333333333333332,59.333333333333336,1.4666666666666668,27.333333333333332,59.333333333333336,0
35.73.03.1005,Buring,2026-09-29 10:00:00,30.0,48.0,1.8,44.0,0.0,Cerah,0.49999999999999994,-0.8660254037844387,28.666666666666668,53.666666666666664,1.6333333333333333,28.666666666666668,53.666666666666664,0
35.73.03.1005,Buring,2026-09-29 11:00:00,30.333333333333332,45.666666666666664,5.566666666666666,48.0,0.0,Cerah,0.258819045102521,-0.9659258262890682,30.0,48.0,1.8,29.666666666666668,49.11111111111111,0
35.73.03.1005,Buring,2026-09-29 12:00:00,30.666666666666668,43.333333333333336,9.333333333333332,52.0,0.0,Cerah,1.2246467991473532e-16,-1.0,30.333333333333332,45.666666666666664,5.566666666666666,30.333333333333332,45.666666666666664,0
35.73.03.1005,Buring,2026-09-29 13:00:00,31.0,41.0,13.1,56.0,0.0,Cerah,-0.2588190451025208,-0.9659258262890683,30.666666666666668,43.333333333333336,9.333333333333332,30.666666666666668,43.333333333333336,0
35.73.03.1005,Buring,2026-09-29 14:00:00,29.666666666666668,47.0,9.933333333333334,47.333333333333336,0.0,Cerah,-0.4999999999999997,-0.8660254037844388,31.0,41.0,13.1,30.444444444444446,43.77777777777778,0
35.73.03.1005,Buring,2026-09-29 15:00:00,28.333333333333332,53.0,6.766666666666667,38.66666666666667,0.0,Cerah,-0.7071067811865471,-0.7071067811865479,29.666666666666668,47.0,9.933333333333334,29.666666666666668,47.0,0
35.73.03.1005,Buring,2026-09-29 16:00:00,27.0,59.0,3.6,30.0,0.0,Cerah,-0.8660254037844384,-0.5000000000000004,28.333333333333332,53.0,6.766666666666667,28.333333333333332,53.0,0
35.73.03.1005,Buring,2026-09-29 17:00:00,25.666666666666668,68.33333333333333,4.066666666666666,28.666666666666668,0.0,Cerah,-0.9659258262890683,-0.25881904510252063,27.0,59.0,3.6,27.0,60.11111111111111,0
35.73.03.1005,Buring,2026-09-29 18:00:00,24.333333333333332,77.66666666666667,4.533333333333333,27.333333333333332,0.0,Cerah,-1.0,-1.8369701987210297e-16,25.666666666666668,68.33333333333333,4.066666666666666,25.666666666666668,68.33333333333333,0
35.73.03.1005,Buring,2026-09-29 19:00:00,23.0,87.0,5.0,26.0,0.0,Cerah,-0.9659258262890684,0.2588190451025203,24.333333333333332,77.66666666666667,4.533333333333333,24.333333333333332,77.66666666666667,0
35.73.03.1005,Buring,2026-09-29 20:00:00,22.666666666666668,89.33333333333333,4.2,23.333333333333332,0.0,Cerah,-0.8660254037844386,0.5000000000000001,23.0,87.0,5.0,23.333333333333332,84.66666666666667,0
35.73.03.1005,Buring,2026-09-29 21:00:00,22.333333333333332,91.66666666666667,3.4000000000000004,20.666666666666668,0.0,Cerah,-0.7071067811865477,0.7071067811865474,22.666666666666668,89.33333333333333,4.2,22.666666666666668,89.33333333333333,0
35.73.03.1005,Buring,2026-09-29 22:00:00,22.0,94.0,2.6,18.0,0.0,Cerah,-0.5000000000000004,0.8660254037844384,22.333333333333332,91.66666666666667,3.4000000000000004,22.333333333333332,91.66666666666667,0
35.73.03.1005,Buring,2026-09-29 23:00:00,21.666666666666668,93.66666666666667,2.1333333333333333,39.0,0.0,Cerah,-0.25881904510252157,0.9659258262890681,22.0,94.0,2.6,22.0,93.11111111111113,0
35.73.03.1005,Buring,2026-09-30 00:00:00,21.333333333333332,93.33333333333333,1.6666666666666665,60.0,0.0,Cerah,0.0,1.0,21.666666666666668,93.66666666666667,2.1333333333333333,21.666666666666668,93.66666666666667,0
35.73.03.1005,Buring,2026-09-30 01:00:00,21.0,93.0,1.2,81.0,0.0,Cerah Berawan,0.25881904510252074,0.9659258262890683,21.333333333333332,93.33333333333333,1.6666666666666665,21.333333333333332,93.33333333333333,0
35.73.03.1005,Buring,2026-09-30 02:00:00,20.666666666666668,92.66666666666667,0.9333333333333333,87.0,0.0,Cerah Berawan,0.49999999999999994,0.8660254037844387,21.0,93.0,1.2,21.0,93.0,0
35.73.03.1005,Buring,2026-09-30 03:00:00,20.333333333333332,92.33333333333333,0.6666666666666666,93.0,0.0,Cerah Berawan,0.7071067811865475,0.7071067811865476,20.666666666666668,92.66666666666667,0.9333333333333333,20.666666666666668,92.66666666666667,0
35.73.03.1005,Buring,2026-09-30 04:00:00,20.0,92.0,0.4,99.0,0.0,Udara Kabur,0.8660254037844386,0.5000000000000001,20.333333333333332,92.33333333333333,0.6666666666666666,20.333333333333332,92.33333333333333,0
35.73.03.1005,Buring,2026-09-30 05:00:00,21.666666666666668,84.0,0.9,73.33333333333333,0.03333333333333333,Udara Kabur,0.9659258262890683,0.25881904510252074,20.0,92.0,0.4,20.666666666666668,89.44444444444444,1
35.73.03.1005,Buring,2026-09-30 06:00:00,23.333333333333332,76.0,1.4,47.666666666666664,0.06666666666666667,Udara Kabur,1.0,6.123233995736766e-17,21.666666666666668,84.0,0.9,21.666666666666668,84.0,1
35.73.03.1005,Buring,2026-09-30 07:00:00,25.0,68.0,1.9,22.0,0.1,Cerah,0.9659258262890683,-0.25881904510252063,23.333333333333332,76.0,1.4,23.333333333333332,76.0,1
35.73.03.1005,Buring,2026-09-30 08:00:00,27.0,60.666666666666664,2.2333333333333334,32.0,0.1,Cerah,0.8660254037844387,-0.4999999999999998,25.0,68.0,1.9,25.11111111111111,68.22222222222221,1
35.73.03.1005,Buring,2026-09-30 09:00:00,29.0,53.333333333333336,2.5666666666666664,42.0,0.1,Cerah,0.7071067811865476,-0.7071067811865475,27.0,60.666666666666664,2.2333333333333334,27.0,60.666666666666664,1
35.73.03.1005,Buring,2026-09-30 10:00:00,31.0,46.0,2.9,52.0,0.1,Cerah,0.49999999999999994,-0.8660254037844387,29.0,53.333333333333336,2.5666666666666664,29.0,53.333333333333336,1
35.73.03.1005,Buring,2026-09-30 11:00:00,30.0,50.666666666666664,2.9,58.666666666666664,0.26666666666666666,Cerah,0.258819045102521,-0.9659258262890682,31.0,46.0,2.9,30.0,50.0,1
35.73.03.1005,Buring,2026-09-30 12:00:00,29.0,55.333333333333336,2.9,65.33333333333333,0.43333333333333335,Cerah,1.2246467991473532e-16,-1.0,30.0,50.666666666666664,2.9,30.0,50.666666666666664,1
35.73.03.1005,Buring,2026-09-30 13:00:00,28.0,60.0,2.9,72.0,0.6,Cerah Berawan,-0.2588190451025208,-0.9659258262890683,29.0,55.333333333333336,2.9,29.0,55.333333333333336,1
35.73.03.1005,Buring,2026-09-30 14:00:00,26.666666666666668,69.0,3.966666666666667,64.0,0.6,Cerah Berawan,-0.4999999999999997,-0.8660254037844388,28.0,60.0,2.9,27.88888888888889,61.44444444444445,1
35.73.03.1005,Buring,2026-09-30 15:00:00,25.333333333333332,78.0,5.033333333333333,56.0,0.6,Cerah Berawan,-0.7071067811865471,-0.7071067811865479,26.666666666666668,69.0,3.966666666666667,26.666666666666668,69.0,1
35.73.03.1005,Buring,2026-09-30 16:00:00,24.0,87.0,6.1,48.0,0.6,Cerah,-0.8660254037844384,-0.5000000000000004,25.333333333333332,78.0,5.033333333333333,25.333333333333332,78.0,1
35.73.03.1005,Buring,2026-09-30 17:00:00,23.666666666666668,89.66666666666667,6.1,47.333333333333336,0.4,Cerah,-0.9659258262890683,-0.25881904510252063,24.0,87.0,6.1,24.333333333333332,84.8888888888889,1
35.73.03.1005,Buring,2026-09-30 18:00:00,23.333333333333332,92.33333333333333,6.1,46.666666666666664,0.2,Cerah,-1.0,-1.8369701987210297e-16,23.666666666666668,89.66666666666667,6.1,23.666666666666668,89.66666666666667,1
35.73.03.1005,Buring,2026-09-30 19:00:00,23.0,95.0,6.1,46.0,0.0,Cerah,-0.9659258262890684,0.2588190451025203,23.333333333333332,92.33333333333333,6.1,23.333333333333332,92.33333333333333,0
35.73.03.1005,Buring,2026-09-30 20:00:00,22.666666666666668,95.66666666666667,4.366666666666666,47.666666666666664,0.0,Cerah,-0.8660254037844386,0.5000000000000001,23.0,95.0,6.1,23.0,94.33333333333333,0
35.73.03.1005,Buring,2026-09-30 21:00:00,22.333333333333332,96.33333333333333,2.6333333333333333,49.333333333333336,0.0,Cerah,-0.7071067811865477,0.7071067811865474,22.666666666666668,95.66666666666667,4.366666666666666,22.666666666666668,95.66666666666667,0
35.73.03.1005,Buring,2026-09-30 22:00:00,22.0,97.0,0.9,51.0,0.0,Cerah,-0.5000000000000004,0.8660254037844384,22.333333333333332,96.33333333333333,2.6333333333333333,22.333333333333332,96.33333333333333,0
35.73.03.1006,Kedungkandang,2026-09-28 20:00:00,22.0,93.0,0.7,96.0,0.0,Udara Kabur,-0.8660254037844386,0.5000000000000001,,,,,,0
35.73.03.1006,Kedungkandang,2026-09-28 21:00:00,21.666666666666668,93.0,0.9666666666666666,88.66666666666667,0.0,Udara Kabur,-0.7071067811865477,0.7071067811865474,22.0,93.0,0.7,,,0
35.73.03.1006,Kedungkandang,2026-09-28 22:00:00,21.333333333333332,93.0,1.2333333333333334,81.33333333333333,0.0,Udara Kabur,-0.5000000000000004,0.8660254037844384,21.666666666666668,93.0,0.9666666666666666,21.666666666666668,93.0,0
35.73.03.1006,Kedungkandang,2026-09-28 23:00:00,21.0,93.0,1.5,74.0,0.0,Udara Kabur,-0.25881904510252157,0.9659258262890681,21.333333333333332,93.0,1.2333333333333334,21.333333333333332,93.0,0
35.73.03.1006,Kedungkandang,2026-09-29 00:00:00,21.0,91.33333333333333,1.1333333333333333,62.666666666666664,0.0,Udara Kabur,0.0,1.0,21.0,93.0,1.5,21.11111111111111,92.44444444444444,0
35.73.03.1006,Kedungkandang,2026-09-29 01:00:00,21.0,89.66666666666667,0.7666666666666666,51.33333333333333,0.0,Udara Kabur,0.25881904510252074,0.9659258262890683,21.0,91.33333333333333,1.1333333333333333,21.0,91.33333333333333,0
35.73.03.1006,Kedungkandang,2026-09-29 02:00:00,21.0,88.0,0.4,40.0,0.0,Cerah,0.49999999999999994,0.8660254037844387,21.0,89.66666666666667,0.7666666666666666,21.0,89.66666666666667,0
35.73.03.1006,Kedungkandang,2026-09-29 03:00:00,21.333333333333332,86.0,0.7,30.666666666666664,0.0,Cerah,0.7071067811865475,0.7071067811865476,21.0,88.0,0.4,21.11111111111111,87.8888888888889,0
35.73.03.1006,Kedungkandang,2026-09-29 04:00:00,21.666666666666668,84.0,1.0,21.333333333333332,0.0,Cerah,0.8660254037844386,0.5000000000000001,21.333333333333332,86.0,0.7,21.333333333333332,86.0,0
35.73.03.1006,Kedungkandang,2026-09-29 05:00:00,22.0,82.0,1.3,12.0,0.0,Udara Kabur,0.9659258262890683,0.25881904510252074,21.666666666666668,84.0,1.0,21.666666666666668,84.0,0
35.73.03.1006,Kedungkandang,2026-09-29 06:00:00,24.0,74.0,1.4666666666666668,12.333333333333334,0.0,Udara Kabur,1.0,6.123233995736766e-17,22.0,82.0,1.3,22.555555555555557,80.0,0
35.73.03.1006,Kedungkandang,2026-09-29 07:00:00,26.0,66.0,1.6333333333333333,12.666666666666666,0.0,Udara Kabur,0.9659258262890683,-0.25881904510252063,24.0,74.0,1.4666666666666668,24.0,74.0,0
35.73.03.1006,Kedungkandang,2026-09-29 08:00:00,28.0,58.0,1.8,13.0,0.0,Cerah,0.8660254037844387,-0.4999999999999998,26.0,66.0,1.6333333333333333,26.0,66.0,0
35.73.03.1006,Kedungkandang,2026-09-29 09:00:00,29.0,53.0,5.566666666666666,17.0,0.0,Cerah,0.7071067811865476,-0.7071067811865475,28.0,58.0,1.8,27.666666666666668,59.0,0
35.73.03.1006,Kedungkandang,2026-09-29 10:00:00,30.0,48.0,9.333333333333332,21.0,0.0,Cerah,0.49999999999999994,-0.8660254037844387,29.0,53.0,5.566666666666666,29.0,53.0,0
35.73.03.1006,Kedungkandang,2026-09-29 11:00:00,31.0,43.0,13.1,25.0,0.0,Cerah,0.258819045102521,-0.9659258262890682,30.0,48.0,9.333333333333332,30.0,48.0,0
35.73.03.1006,Kedungkandang,2026-09-29 12:00:00,30.666666666666668,43.333333333333336,9.933333333333334,30.666666666666668,0.0,Cerah,1.2246467991473532e-16,-1.0,31.0,43.0,13.1,30.555555555555557,44.77777777777778,0
35.73.03.1006,Kedungkandang,2026-09-29 13:00:00,30.333333333333332,43.666666666666664,6.766666666666667,36.333333333333336,0.0,Cerah,-0.2588190451025208,-0.9659258262890683,30.666666666666668,43.333333333333336,9.933333333333334,30.666666666666668,43.333333333333336,0
35.73.03.1006,Kedungkandang,2026-09-29 14:00:00,30.0,44.0,3.6,42.0,0.0,Cerah,-0.4999999999999997,-0.8660254037844388,30.333333333333332,43.666666666666664,6.766666666666667,30.333333333333332,43.666666666666664,0
35.73.03.1006,Kedungkandang,2026-09-29 15:00:00,28.333333333333332,53.333333333333336,4.066666666666666,37.333333333333336,0.0,Cerah,-0.7071067811865471,-0.7071067811865479,30.0,44.0,3.6,29.555555555555554,47.0,0
35.73.03.1006,Kedungkandang,2026-09-29 16:00:00,26.666666666666668,62.66666666666667,4.533333333333333,32.666666666666664,0.0,Cerah,-0.8660254037844384,-0.5000000000000004,28.333333333333332,53.333333333333336,4.066666666666666,28.333333333333332,53.333333333333336,0
35.73.03.1006,Kedungkandang,2026-09-29 17:00:00,25.0,72.0,5.0,28.0,0.0,Cerah,-0.9659258262890683,-0.25881904510252063,26.666666666666668,62.66666666666667,4.533333333333333,26.666666666666668,62.666666666666664,0
35.73.03.1006,Kedungkandang,2026-09-29 18:00:00,24.0,77.66666666666667,4.2,23.333333333333332,0.0,Cerah,-1.0,-1.8369701987210297e-16,25.0,72.0,5.0,25.222222222222225,70.77777777777777,0
35.73.03.1006,Kedungkandang,2026-09-29 19:00:00,23.0,83.33333333333333,3.4000000000000004,18.666666666666664,0.0,Cerah,-0.9659258262890684,0.2588190451025203,24.0,77.66666666666667,4.2,24.0,77.66666666666667,0
35.73.03.1006,Kedungkandang,2026-09-29 20:00:00,22.0,89.0,2.6,14.0,0.0,Cerah,-0.8660254037844386,0.5000000000000001,23.0,83.33333333333333,3.4000000000000004,23.0,83.33333333333333,0
35.73.03.1006,Kedungkandang,2026-09-29 21:00:00,21.666666666666668,91.0,2.1333333333333333,19.666666666666668,0.0,Cerah,-0.7071067811865477,0.7071067811865474,22.0,89.0,2.6,22.222222222222225,87.77777777777777,0
35.73.03.1006,Kedungkandang,2026-09-29 22:00:00,21.333333333333332,93.0,1.6666666666666665,25.333333333333336,0.0,Cerah,-0.5000000000000004,0.8660254037844384,21.666666666666668,91.0,2.1333333333333333,21.666666666666668,91.0,0
35.73.03.1006,Kedungkandang,2026-09-29 23:00:00,21.0,95.0,1.2,31.0,0.0,Cerah,-0.25881904510252157,0.9659258262890681,21.333333333333332,93.0,1.6666666666666665,21.333333333333332,93.0,0
35.73.03.1006,Kedungkandang,2026-09-30 00:00:00,20.666666666666668,94.33333333333333,0.9333333333333333,52.0,0.0,Cerah,0.0,1.0,21.0,95.0,1.2,21.0,94.1111111111111,0
35.73.03.1006,Kedungkandang,2026-09-30 01:00:00,20.333333333333332,93.66666666666667,0.6666666666666666,73.0,0.0,Cerah,0.25881904510252074,0.9659258262890683,20.666666666666668,94.33333333333333,0.9333333333333333,20.666666666666668,94.33333333333333,0
35.73.03.1006,Kedungkandang,2026-09-30 02:00:00,20.0,93.0,0.4,94.0,0.0,Udara Kabur,0.49999999999999994,0.8660254037844387,20.333333333333332,93.66666666666667,0.6666666666666666,20.333333333333332,93.66666666666667,0
35.73.03.1006,Kedungkandang,2026-09-30 03:00:00,20.333333333333332,90.66666666666667,0.9,90.66666666666667,0.0,Udara Kabur,0.7071067811865475,0.7071067811865476,20.0,93.0,0.4,20.222222222222218,92.44444444444446,0
35.73.03.1006,Kedungkandang,2026-09-30 04:00:00,20.666666666666668,88.33333333333333,1.4,87.33333333333333,0.0,Udara Kabur,0.8660254037844386,0.5000000000000001,20.333333333333332,90.66666666666667,0.9,20.333333333333332,90.66666666666667,0
35.73.03.1006,Kedungkandang,2026-09-30 05:00:00,21.0,86.0,1.9,84.0,0.0,Cerah Berawan,0.9659258262890683,0.25881904510252074,20.666666666666668,88.33333333333333,1.4,20.666666666666668,88.33333333333333,0
35.73.03.1006,Kedungkandang,2026-09-30 06:00:00,23.0,77.66666666666667,1.9,62.33333333333333,0.03333333333333333,Cerah Berawan,1.0,6.123233995736766e-17,21.0,86.0,1.9,21.555555555555557,84.0,1
35.73.03.1006,Kedungkandang,2026-09-30 07:00:00,25.0,69.33333333333333,1.9,40.666666666666664,0.06666666666666667,Cerah Berawan,0.9659258262890683,-0.25881904510252063,23.0,77.66666666666667,1.9,23.0,77.66666666666667,1
35.73.03.1006,Kedungkandang,2026-09-30 08:00:00,27.0,61.0,1.9,19.0,0.1,Cerah,0.8660254037844387,-0.4999999999999998,25.0,69.33333333333333,1.9,25.0,69.33333333333333,1
35.73.03.1006,Kedungkandang,2026-09-30 09:00:00,28.666666666666668,55.333333333333336,2.2333333333333334,33.666666666666664,0.1,Cerah,0.7071067811865476,-0.7071067811865475,27.0,61.0,1.9,26.88888888888889,61.888888888888886,1
35.73.03.1006,Kedungkandang,2026-09-30 10:00:00,30.333333333333332,49.666666666666664,2.5666666666666664,48.33333333333333,0.1,Cerah,0.49999999999999994,-0.8660254037844387,28.666666666666668,55.333333333333336,2.2333333333333334,28.666666666666668,55.333333333333336,1
35.73.03.1006,Kedungkandang,2026-09-30 11:00:00,32.0,44.0,2.9,63.0,0.1,Cerah Berawan,0.258819045102521,-0.9659258262890682,30.333333333333332,49.666666666666664,2.5666666666666664,30.333333333333332,49.666666666666664,1
35.73.03.1006,Kedungkandang,2026-09-30 12:00:00,30.333333333333332,53.0,2.9,60.333333333333336,0.26666666666666666,Cerah Berawan,1.2246467991473532e-16,-1.0,32.0,44.0,2.9,30.888888888888886,48.888888888888886,1
35.73.03.1006,Kedungkandang,2026-09-30 13:00:00,28.666666666666668,62.0,2.9,57.666666666666664,0.43333333333333335,Cerah Berawan,-0.2588190451025208,-0.9659258262890683,30.333333333333332,53.0,2.9,30.333333333333332,53.0,1
35.73.03.1006,Kedungkandang,2026-09-30 14:00:00,27.0,71.0,2.9,55.0,0.6,Cerah,-0.4999999999999997,-0.8660254037844388,28.666666666666668,62.0,2.9,28.666666666666668,62.0,1
35.73.03.1006,Kedungkandang,2026-09-30 15:00:00,25.666666666666668,78.0,3.966666666666667,57.333333333333336,0.6,Cerah,-0.7071067811865471,-0.7071067811865479,27.0,71.0,2.9,27.111111111111114,70.33333333333333,1
35.73.03.1006,Kedungkandang,2026-09-30 16:00:00,24.333333333333332,85.0,5.033333333333333,59.666666666666664,0.6,Cerah,-0.8660254037844384,-0.5000000000000004,25.666666666666668,78.0,3.966666666666667,25.666666666666668,78.0,1
35.73.03.1006,Kedungkandang,2026-09-30 17:00:00,23.0,92.0,6.1,62.0,0.6,Cerah Berawan,-0.9659258262890683,-0.25881904510252063,24.333333333333332,85.0,5.033333333333333,24.333333333333332,85.0,1
35.73.03.1006,Kedungkandang,2026-09-30 18:00:00,22.666666666666668,93.0,6.1,57.0,0.4,Cerah Berawan,-1.0,-1.8369701987210297e-16,23.0,92.0,6.1,23.333333333333332,90.0,1
35.73.03.1006,Kedungkandang,2026-09-30 19:00:00,22.333333333333332,94.0,6.1,52.0,0.2,Cerah Berawan,-0.9659258262890684,0.2588190451025203,22.666666666666668,93.0,6.1,22.666666666666668,93.0,1
35.73.03.1006,Kedungkandang,2026-09-30 20:00:00,22.0,95.0,6.1,47.0,0.0,Cerah,-0.8660254037844386,0.5000000000000001,22.333333333333332,94.0,6.1,22.333333333333332,94.0,0
35.73.03.1006,Kedungkandang,2026-09-30 21:00:00,22.0,95.33333333333333,4.366666666666666,46.0,0.0,Cerah,-0.7071067811865477,0.7071067811865474,22.0,95.0,6.1,22.11111111111111,94.77777777777777,0
35.73.03.1006,Kedungkandang,2026-09-30 22:00:00,22.0,95.66666666666667,2.6333333333333333,45.0,0.0,Cerah,-0.5000000000000004,0.8660254037844384,22.0,95.33333333333333,4.366666666666666,22.0,95.33333333333333,0
35.73.03.1006,Kedungkandang,2026-09-30 23:00:00,22.0,96.0,0.9,44.0,0.0,Cerah,-0.25881904510252157,0.9659258262890681,22.0,95.66666666666667,2.6333333333333333,22.0,95.66666666666667,0
35.73.03.1008,Sawojajar,2026-09-28 20:00:00,22.0,93.0,0.7,96.0,0.0,Udara Kabur,-0.8660254037844386,0.5000000000000001,,,,,,0
35.73.03.1008,Sawojajar,2026-09-28 21:00:00,21.333333333333332,93.33333333333333,0.9666666666666666,89.0,0.0,Udara Kabur,-0.7071067811865477,0.7071067811865474,22.0,93.0,0.7,,,0
35.73.03.1008,Sawojajar,2026-09-28 22:00:00,20.666666666666668,93.66666666666667,1.2333333333333334,82.0,0.0,Udara Kabur,-0.5000000000000004,0.8660254037844384,21.333333333333332,93.33333333333333,0.9666666666666666,21.333333333333332,93.33333333333333,0
35.73.03.1008,Sawojajar,2026-09-28 23:00:00,20.0,94.0,1.5,75.0,0.0,Udara Kabur,-0.25881904510252157,0.9659258262890681,20.666666666666668,93.66666666666667,1.2333333333333334,20.666666666666668,93.66666666666667,0
35.73.03.1008,Sawojajar,2026-09-29 00:00:00,20.0,92.0,1.1333333333333333,62.333333333333336,0.0,Udara Kabur,0.0,1.0,20.0,94.0,1.5,20.222222222222225,93.22222222222223,0
35.73.03.1008,Sawojajar,2026-09-29 01:00:00,20.0,90.0,0.7666666666666666,49.66666666666667,0.0,Udara Kabur,0.25881904510252074,0.9659258262890683,20.0,92.0,1.1333333333333333,20.0,92.0,0
35.73.03.1008,Sawojajar,2026-09-29 02:00:00,20.0,88.0,0.4,37.0,0.0,Cerah,0.49999999999999994,0.8660254037844387,20.0,90.0,0.7666666666666666,20.0,90.0,0
35.73.03.1008,Sawojajar,2026-09-29 03:00:00,20.333333333333332,85.66666666666667,0.7,28.0,0.0,Cerah,0.7071067811865475,0.7071067811865476,20.0,88.0,0.4,20.11111111111111,87.8888888888889,0
35.73.03.1008,Sawojajar,2026-09-29 04:00:00,20.666666666666668,83.33333333333333,1.0,19.0,0.0,Cerah,0.8660254037844386,0.5000000000000001,20.333333333333332,85.66666666666667,0.7,20.333333333333332,85.66666666666667,0
35.73.03.1008,Sawojajar,2026-09-29 05:00:00,21.0,81.0,1.3,10.0,0.0,Udara Kabur,0.9659258262890683,0.25881904510252074,20.666666666666668,83.33333333333333,1.0,20.666666666666668,83.33333333333333,0
35.73.03.1008,Sawojajar,2026-09-29 06:00:00,23.333333333333332,73.0,1.4666666666666668,11.0,0.0,Udara Kabur,1.0,6.123233995736766e-17,21.0,81.0,1.3,21.666666666666668,79.1111111111111,0
35.73.03.1008,Sawojajar,2026-09-29 07:00:00,25.666666666666668,65.0,1.6333333333333333,12.0,0.0,Udara Kabur,0.9659258262890683,-0.25881904510252063,23.333333333333332,73.0,1.4666666666666668,23.333333333333332,73.0,0
35.73.03.1008,Sawojajar,2026-09-29 08:00:00,28.0,57.0,1.8,13.0,0.0,Cerah,0.8660254037844387,-0.4999999999999998,25.666666666666668,65.0,1.6333333333333333,25.666666666666668,65.0,0
35.73.03.1008,Sawojajar,2026-09-29 09:00:00,29.0,52.333333333333336,5.566666666666666,17.333333333333332,0.0,Cerah,0.7071067811865476,-0.7071067811865475,28.0,57.0,1.8,27.555555555555557,58.111111111111114,0
35.73.03.1008,Sawojajar,2026-09-29 10:00:00,30.0,47.666666666666664,9.333333333333332,21.666666666666664,0.0,Cerah,0.49999999999999994,-0.8660254037844387,29.0,52.333333333333336,5.566666666666666,29.0,52.333333333333336,0
35.73.03.1008,Sawojajar,2026-09-29 11:00:00,31.0,43.0,13.1,26.0,0.0,Cerah,0.258819045102521,-0.9659258262890682,30.0,47.666666666666664,9.333333333333332,30.0,47.666666666666664,0
35.73.03.1008,Sawojajar,2026-09-29 12:00:00,30.666666666666668,43.0,9.933333333333334,31.333333333333332,0.0,Cerah,1.2246467991473532e-16,-1.0,31.0,43.0,13.1,30.555555555555557,44.55555555555555,0
35.73.03.1008,Sawojajar,2026-09-29 13:00:00,30.333333333333332,43.0,6.766666666666667,36.666666666666664,0.0,Cerah,-0.2588190451025208,-0.9659258262890683,30.666666666666668,43.0,9.933333333333334,30.666666666666668,43.0,0
35.73.03.1008,Sawojajar,2026-09-29 14:00:00,30.0,43.0,3.6,42.0,0.0,Cerah,-0.4999999999999997,-0.8660254037844388,30.333333333333332,43.0,6.766666666666667,30.333333333333332,43.0,0
35.73.03.1008,Sawojajar,2026-09-29 15:00:00,28.0,53.0,4.066666666666666,38.666666666666664,0.0,Cerah,-0.7071067811865471,-0.7071067811865479,30.0,43.0,3.6,29.444444444444443,46.333333333333336,0
35.73.03.1008,Sawojajar,2026-09-29 16:00:00,26.0,63.0,4.533333333333333,35.333333333333336,0.0,Cerah,-0.8660254037844384,-0.5000000000000004,28.0,53.0,4.066666666666666,28.0,53.0,0
35.73.03.1008,Sawojajar,2026-09-29 17:00:00,24.0,73.0,5.0,32.0,0.0,Cerah,-0.9659258262890683,-0.25881904510252063,26.0,63.0,4.533333333333333,26.0,63.0,0
35.73.03.1008,Sawojajar,2026-09-29 18:00:00,23.333333333333332,78.66666666666667,4.2,27.0,0.0,Cerah,-1.0,-1.8369701987210297e-16,24.0,73.0,5.0,24.444444444444443,71.55555555555556,0
35.73.03.1008,Sawojajar,2026-09-29 19:00:00,22.666666666666668,84.33333333333333,3.4000000000000004,22.0,0.0,Cerah,-0.9659258262890684,0.2588190451025203,23.333333333333332,78.66666666666667,4.2,23.333333333333332,78.66666666666667,0
35.73.03.1008,Sawojajar,2026-09-29 20:00:00,22.0,90.0,2.6,17.0,0.0,Cerah,-0.8660254037844386,0.5000000000000001,22.666666666666668,84.33333333333333,3.4000000000000004,22.666666666666668,84.33333333333333,0
35.73.03.1008,Sawojajar,2026-09-29 21:00:00,21.666666666666668,91.66666666666667,2.1333333333333333,22.666666666666668,0.0,Cerah,-0.7071067811865477,0.7071067811865474,22.0,90.0,2.6,22.111111111111114,88.66666666666667,0
35.73.03.1008,Sawojajar,2026-09-29 22:00:00,21.333333333333332,93.33333333333333,1.6666666666666665,28.333333333333336,0.0,Cerah,-0.5000000000000004,0.8660254037844384,21.666666666666668,91.66666666666667,2.1333333333333333,21.666666666666668,91.66666666666667,0
35.73.03.1008,Sawojajar,2026-09-29 23:00:00,21.0,95.0,1.2,34.0,0.0,Cerah,-0.25881904510252157,0.9659258262890681,21.333333333333332,93.33333333333333,1.6666666666666665,21.333333333333332,93.33333333333333,0
35.73.03.1008,Sawojajar,2026-09-30 00:00:00,20.666666666666668,94.33333333333333,0.9333333333333333,54.33333333333333,0.0,Cerah,0.0,1.0,21.0,95.0,1.2,21.0,94.22222222222221,0
35.73.03.1008,Sawojajar,2026-09-30 01:00:00,20.333333333333332,93.66666666666667,0.6666666666666666,74.66666666666666,0.0,Cerah,0.25881904510252074,0.9659258262890683,20.666666666666668,94.33333333333333,0.9333333333333333,20.666666666666668,94.33333333333333,0
35.73.03.1008,Sawojajar,2026-09-30 02:00:00,20.0,93.0,0.4,95.0,0.0,Udara Kabur,0.49999999999999994,0.8660254037844387,20.333333333333332,93.66666666666667,0.6666666666666666,20.333333333333332,93.66666666666667,0
35.73.03.1008,Sawojajar,2026-09-30 03:00:00,20.333333333333332,90.33333333333333,0.9,91.0,0.0,Udara Kabur,0.7071067811865475,0.7071067811865476,20.0,93.0,0.4,20.222222222222218,92.33333333333333,0
35.73.03.1008,Sawojajar,2026-09-30 04:00:00,20.666666666666668,87.66666666666667,1.4,87.0,0.0,Udara Kabur,0.8660254037844386,0.5000000000000001,20.333333333333332,90.33333333333333,0.9,20.333333333333332,90.33333333333333,0
35.73.03.1008,Sawojajar,2026-09-30 05:00:00,21.0,85.0,1.9,83.0,0.0,Cerah Berawan,0.9659258262890683,0.25881904510252074,20.666666666666668,87.66666666666667,1.4,20.666666666666668,87.66666666666667,0
35.73.03.1008,Sawojajar,2026-09-30 06:00:00,23.0,76.66666666666667,1.9,63.0,0.03333333333333333,Cerah Berawan,1.0,6.123233995736766e-17,21.0,85.0,1.9,21.555555555555557,83.11111111111113,1
35.73.03.1008,Sawojajar,2026-09-30 07:00:00,25.0,68.33333333333333,1.9,43.0,0.06666666666666667,Cerah Berawan,0.9659258262890683,-0.25881904510252063,23.0,76.66666666666667,1.9,23.0,76.66666666666667,1
35.73.03.1008,Sawojajar,2026-09-30 08:00:00,27.0,60.0,1.9,23.0,0.1,Cerah,0.8660254037844387,-0.4999999999999998,25.0,68.33333333333333,1.9,25.0,68.33333333333333,1
35.73.03.1008,Sawojajar,2026-09-30 09:00:00,28.333333333333332,55.666666666666664,2.2333333333333334,37.333333333333336,0.1,Cerah,0.7071067811865476,-0.7071067811865475,27.0,60.0,1.9,26.777777777777775,61.33333333333332,1
35.73.03.1008,Sawojajar,2026-09-30 10:00:00,29.666666666666668,51.333333333333336,2.5666666666666664,51.66666666666667,0.1,Cerah,0.49999999999999994,-0.8660254037844387,28.333333333333332,55.666666666666664,2.2333333333333334,28.333333333333332,55.666666666666664,1
35.73.03.1008,Sawojajar,2026-09-30 11:00:00,31.0,47.0,2.9,66.0,0.1,Cerah Berawan,0.258819045102521,-0.9659258262890682,29.666666666666668,51.333333333333336,2.5666666666666664,29.666666666666668,51.333333333333336,1
35.73.03.1008,Sawojajar,2026-09-30 12:00:00,29.333333333333332,54.666666666666664,2.9,63.333333333333336,0.26666666666666666,Cerah Berawan,1.2246467991473532e-16,-1.0,31.0,47.0,2.9,30.0,51.0,1
35.73.03.1008,Sawojajar,2026-09-30 13:00:00,27.666666666666668,62.333333333333336,2.9,60.666666666666664,0.43333333333333335,Cerah Berawan,-0.2588190451025208,-0.9659258262890683,29.333333333333332,54.666666666666664,2.9,29.333333333333332,54.666666666666664,1
35.73.03.1008,Sawojajar,2026-09-30 14:00:00,26.0,70.0,2.9,58.0,0.6,Cerah,-0.4999999999999997,-0.8660254037844388,27.666666666666668,62.333333333333336,2.9,27.666666666666668,62.333333333333336,1
35.73.03.1008,Sawojajar,2026-09-30 15:00:00,25.0,77.33333333333333,3.966666666666667,59.0,0.6,Cerah,-0.7071067811865471,-0.7071067811865479,26.0,70.0,2.9,26.222222222222225,69.8888888888889,1
35.73.03.1008,Sawojajar,2026-09-30 16:00:00,24.0,84.66666666666667,5.033333333333333,60.0,0.6,Cerah,-0.8660254037844384,-0.5000000000000004,25.0,77.33333333333333,3.966666666666667,25.0,77.33333333333333,1
35.73.03.1008,Sawojajar,2026-09-30 17:00:00,23.0,92.0,6.1,61.0,0.6,Cerah Berawan,-0.9659258262890683,-0.25881904510252063,24.0,84.66666666666667,5.033333333333333,24.0,84.66666666666667,1
35.73.03.1008,Sawojajar,2026-09-30 18:00:00,22.666666666666668,93.33333333333333,6.1,57.666666666666664,0.4,Cerah Berawan,-1.0,-1.8369701987210297e-16,23.0,92.0,6.1,23.222222222222225,90.0,1
35.73.03.1008,Sawojajar,2026-09-30 19:00:00,22.333333333333332,94.66666666666667,6.1,54.333333333333336,0.2,Cerah Berawan,-0.9659258262890684,0.2588190451025203,22.666666666666668,93.33333333333333,6.1,22.666666666666668,93.33333333333333,1
35.73.03.1008,Sawojajar,2026-09-30 20:00:00,22.0,96.0,6.1,51.0,0.0,Cerah,-0.8660254037844386,0.5000000000000001,22.333333333333332,94.66666666666667,6.1,22.333333333333332,94.66666666666667,0
35.73.03.1008,Sawojajar,2026-09-30 21:00:00,21.666666666666668,96.0,4.366666666666666,48.666666666666664,0.0,Cerah,-0.7071067811865477,0.7071067811865474,22.0,96.0,6.1,22.0,95.55555555555556,0
35.73.03.1008,Sawojajar,2026-09-30 22:00:00,21.333333333333332,96.0,2.6333333333333333,46.333333333333336,0.0,Cerah,-0.5000000000000004,0.8660254037844384,21.666666666666668,96.0,4.366666666666666,21.666666666666668,96.0,0
35.73.03.1008,Sawojajar,2026-09-30 23:00:00,21.0,96.0,0.9,44.0,0.0,Cerah,-0.25881904510252157,0.9659258262890681,21.333333333333332,96.0,2.6333333333333333,21.333333333333332,96.0,0
35.73.03.1010,Cemorokandang,2026-09-28 20:00:00,22.0,91.0,0.7,97.0,0.0,Udara Kabur,-0.8660254037844386,0.5000000000000001,,,,,,0
35.73.03.1010,Cemorokandang,2026-09-28 21:00:00,21.666666666666668,91.66666666666667,0.9666666666666666,89.0,0.0,Udara Kabur,-0.7071067811865477,0.7071067811865474,22.0,91.0,0.7,,,0
35.73.03.1010,Cemorokandang,2026-09-28 22:00:00,21.333333333333332,92.33333333333333,1.2333333333333334,81.0,0.0,Udara Kabur,-0.5000000000000004,0.8660254037844384,21.666666666666668,91.66666666666667,0.9666666666666666,21.666666666666668,91.66666666666667,0
35.73.03.1010,Cemorokandang,2026-09-28 23:00:00,21.0,93.0,1.5,73.0,0.0,Kabut/Asap,-0.25881904510252157,0.9659258262890681,21.333333333333332,92.33333333333333,1.2333333333333334,21.333333333333332,92.33333333333333,0
35.73.03.1010,Cemorokandang,2026-09-29 00:00:00,21.0,91.33333333333333,1.1333333333333333,62.666666666666664,0.0,Kabut/Asap,0.0,1.0,21.0,93.0,1.5,21.11111111111111,92.22222222222221,0
35.73.03.1010,Cemorokandang,2026-09-29 01:00:00,21.0,89.66666666666667,0.7666666666666666,52.33333333333333,0.0,Kabut/Asap,0.25881904510252074,0.9659258262890683,21.0,91.33333333333333,1.1333333333333333,21.0,91.33333333333333,0
35.73.03.1010,Cemorokandang,2026-09-29 02:00:00,21.0,88.0,0.4,42.0,0.0,Cerah,0.49999999999999994,0.8660254037844387,21.0,89.66666666666667,0.7666666666666666,21.0,89.66666666666667,0
35.73.03.1010,Cemorokandang,2026-09-29 03:00:00,21.333333333333332,85.66666666666667,0.7,32.666666666666664,0.0,Cerah,0.7071067811865475,0.7071067811865476,21.0,88.0,0.4,21.11111111111111,87.77777777777779,0
35.73.03.1010,Cemorokandang,2026-09-29 04:00:00,21.666666666666668,83.33333333333333,1.0,23.333333333333332,0.0,Cerah,0.8660254037844386,0.5000000000000001,21.333333333333332,85.66666666666667,0.7,21.333333333333332,85.66666666666667,0
35.73.03.1010,Cemorokandang,2026-09-29 05:00:00,22.0,81.0,1.3,14.0,0.0,Udara Kabur,0.9659258262890683,0.25881904510252074,21.666666666666668,83.33333333333333,1.0,21.666666666666668,83.33333333333333,0
35.73.03.1010,Cemorokandang,2026-09-29 06:00:00,24.0,72.33333333333333,1.4666666666666668,14.0,0.0,Udara Kabur,1.0,6.123233995736766e-17,22.0,81.0,1.3,22.555555555555557,78.88888888888887,0
35.73.03.1010,Cemorokandang,2026-09-29 07:00:00,26.0,63.66666666666667,1.6333333333333333,14.0,0.0,Udara Kabur,0.9659258262890683,-0.25881904510252063,24.0,72.33333333333333,1.4666666666666668,24.0,72.33333333333333,0
35.73.03.1010,Cemorokandang,2026-09-29 08:00:00,28.0,55.0,1.8,14.0,0.0,Cerah,0.8660254037844387,-0.4999999999999998,26.0,63.66666666666667,1.6333333333333333,26.0,63.666666666666664,0
35.73.03.1010,Cemorokandang,2026-09-29 09:00:00,29.333333333333332,50.666666666666664,5.566666666666666,16.666666666666668,0.0,Cerah,0.7071067811865476,-0.7071067811865475,28.0,55.0,1.8,27.777777777777775,56.44444444444445,0
35.73.03.1010,Cemorokandang,2026-09-29 10:00:00,30.666666666666668,46.333333333333336,9.333333333333332,19.333333333333332,0.0,Cerah,0.49999999999999994,-0.8660254037844387,29.333333333333332,50.666666666666664,5.566666666666666,29.333333333333332,50.666666666666664,0
35.73.03.1010,Cemorokandang,2026-09-29 11:00:00,32.0,42.0,13.1,22.0,0.0,Cerah,0.258819045102521,-0.9659258262890682,30.666666666666668,46.333333333333336,9.333333333333332,30.666666666666668,46.333333333333336,0
35.73.03.1010,Cemorokandang,2026-09-29 12:00:00,31.666666666666668,42.0,9.933333333333334,27.333333333333332,0.0,Cerah,1.2246467991473532e-16,-1.0,32.0,42.0,13.1,31.444444444444446,43.44444444444445,0
35.73.03.1010,Cemorokandang,2026-09-29 13:00:00,31.333333333333332,42.0,6.766666666666667,32.666666666666664,0.0,Cerah,-0.2588190451025208,-0.9659258262890683,31.666666666666668,42.0,9.933333333333334,31.666666666666668,42.0,0
35.73.03.1010,Cemorokandang,2026-09-29 14:00:00,31.0,42.0,3.6,38.0,0.0,Cerah,-0.4999999999999997,-0.8660254037844388,31.333333333333332,42.0,6.766666666666667,31.333333333333332,42.0,0
35.73.03.1010,Cemorokandang,2026-09-29 15:00:00,29.0,50.666666666666664,4.066666666666666,33.0,0.0,Cerah,-0.7071067811865471,-0.7071067811865479,31.0,42.0,3.6,30.444444444444443,44.888888888888886,0
35.73.03.1010,Cemorokandang,2026-09-29 16:00:00,27.0,59.33333333333333,4.533333333333333,28.0,0.0,Cerah,-0.8660254037844384,-0.5000000000000004,29.0,50.666666666666664,4.066666666666666,29.0,50.666666666666664,0
35.73.03.1010,Cemorokandang,2026-09-29 17:00:00,25.0,68.0,5.0,23.0,0.0,Cerah,-0.9659258262890683,-0.25881904510252063,27.0,59.33333333333333,4.533333333333333,27.0,59.333333333333336,0
35.73.03.1010,Cemorokandang,2026-09-29 18:00:00,24.333333333333332,74.66666666666667,4.2,19.333333333333332,0.0,Cerah,-1.0,-1.8369701987210297e-16,25.0,68.0,5.0,25.444444444444443,67.33333333333333,0
35.73.03.1010,Cemorokandang,2026-09-29 19:00:00,23.666666666666668,81.33333333333333,3.4000000000000004,15.666666666666668,0.0,Cerah,-0.9659258262890684,0.2588190451025203,24.333333333333332,74.66666666666667,4.2,24.333333333333332,74.66666666666667,0
35.73.03.1010,Cemorokandang,2026-09-29 20:00:00,23.0,88.0,2.6,12.0,0.0,Cerah,-0.8660254037844386,0.5000000000000001,23.666666666666668,81.33333333333333,3.4000000000000004,23.666666666666668,81.33333333333333,0
35.73.03.1010,Cemorokandang,2026-09-29 21:00:00,22.333333333333332,90.0,2.1333333333333333,16.333333333333332,0.0,Cerah,-0.7071067811865477,0.7071067811865474,23.0,88.0,2.6,23.0,86.44444444444444,0
35.73.03.1010,Cemorokandang,2026-09-29 22:00:00,21.666666666666668,92.0,1.6666666666666665,20.666666666666664,0.0,Cerah,-0.5000000000000004,0.8660254037844384,22.333333333333332,90.0,2.1333333333333333,22.333333333333332,90.0,0
35.73.03.1010,Cemorokandang,2026-09-29 23:00:00,21.0,94.0,1.2,25.0,0.0,Cerah,-0.25881904510252157,0.9659258262890681,21.666666666666668,92.0,1.6666666666666665,21.666666666666668,92.0,0
35.73.03.1010,Cemorokandang,2026-09-30 00:00:00,21.0,94.0,0.9333333333333333,48.0,0.0,Cerah,0.0,1.0,21.0,94.0,1.2,21.222222222222225,93.33333333333333,0
35.73.03.1010,Cemorokandang,2026-09-30 01:00:00,21.0,94.0,0.6666666666666666,71.0,0.0,Cerah,0.25881904510252074,0.9659258262890683,21.0,94.0,0.9333333333333333,21.0,94.0,0
35.73.03.1010,Cemorokandang,2026-09-30 02:00:00,21.0,94.0,0.4,94.0,0.0,Udara Kabur,0.49999999999999994,0.8660254037844387,21.0,94.0,0.6666666666666666,21.0,94.0,0
35.73.03.1010,Cemorokandang,2026-09-30 03:00:00,21.333333333333332,91.66666666666667,0.9,90.66666666666667,0.0,Udara Kabur,0.7071067811865475,0.7071067811865476,21.0,94.0,0.4,21.11111111111111,93.22222222222223,0
35.73.03.1010,Cemorokandang,2026-09-30 04:00:00,21.666666666666668,89.33333333333333,1.4,87.33333333333333,0.0,Udara Kabur,0.8660254037844386,0.5000000000000001,21.333333333333332,91.66666666666667,0.9,21.333333333333332,91.66666666666667,0
35.73.03.1010,Cemorokandang,2026-09-30 05:00:00,22.0,87.0,1.9,84.0,0.0,Cerah Berawan,0.9659258262890683,0.25881904510252074,21.666666666666668,89.33333333333333,1.4,21.666666666666668,89.33333333333333,0
35.73.03.1010,Cemorokandang,2026-09-30 06:00:00,24.0,78.0,1.9,62.0,0.03333333333333333,Cerah Berawan,1.0,6.123233995736766e-17,22.0,87.0,1.9,22.555555555555557,84.77777777777777,1
35.73.03.1010,Cemorokandang,2026-09-30 07:00:00,26.0,69.0,1.9,40.0,0.06666666666666667,Cerah Berawan,0.9659258262890683,-0.25881904510252063,24.0,78.0,1.9,24.0,78.0,1
35.73.03.1010,Cemorokandang,2026-09-30 08:00:00,28.0,60.0,1.9,18.0,0.1,Cerah,0.8660254037844387,-0.4999999999999998,26.0,69.0,1.9,26.0,69.0,1
35.73.03.1010,Cemorokandang,2026-09-30 09:00:00,29.333333333333332,54.333333333333336,2.2333333333333334,31.666666666666664,0.1,Cerah,0.7071067811865476,-0.7071067811865475,28.0,60.0,1.9,27.777777777777775,61.111111111111114,1
35.73.03.1010,Cemorokandang,2026-09-30 10:00:00,30.666666666666668,48.666666666666664,2.5666666666666664,45.33333333333333,0.1,Cerah,0.49999999999999994,-0.8660254037844387,29.333333333333332,54.333333333333336,2.2333333333333334,29.333333333333332,54.333333333333336,1
35.73.03.1010,Cemorokandang,2026-09-30 11:00:00,32.0,43.0,2.9,59.0,0.1,Cerah,0.258819045102521,-0.9659258262890682,30.666666666666668,48.666666666666664,2.5666666666666664,30.666666666666668,48.666666666666664,1
35.73.03.1010,Cemorokandang,2026-09-30 12:00:00,30.333333333333332,50.666666666666664,2.9,55.0,0.16666666666666669,Cerah,1.2246467991473532e-16,-1.0,32.0,43.0,2.9,31.0,47.444444444444436,1
35.73.03.1010,Cemorokandang,2026-09-30 13:00:00,28.666666666666668,58.333333333333336,2.9,51.0,0.23333333333333334,Cerah,-0.2588190451025208,-0.9659258262890683,30.333333333333332,50.666666666666664,2.9,30.333333333333332,50.666666666666664,1
35.73.03.1010,Cemorokandang,2026-09-30 14:00:00,27.0,66.0,2.9,47.0,0.3,Cerah,-0.4999999999999997,-0.8660254037844388,28.666666666666668,58.333333333333336,2.9,28.666666666666668,58.333333333333336,1
35.73.03.1010,Cemorokandang,2026-09-30 15:00:00,26.0,73.66666666666667,3.966666666666667,47.0,0.3,Cerah,-0.7071067811865471,-0.7071067811865479,27.0,66.0,2.9,27.222222222222225,66.0,1
35.73.03.1010,Cemorokandang,2026-09-30 16:00:00,25.0,81.33333333333333,5.033333333333333,47.0,0.3,Cerah,-0.8660254037844384,-0.5000000000000004,26.0,73.66666666666667,3.966666666666667,26.0,73.66666666666667,1
35.73.03.1010,Cemorokandang,2026-09-30 17:00:00,24.0,89.0,6.1,47.0,0.3,Cerah,-0.9659258262890683,-0.25881904510252063,25.0,81.33333333333333,5.033333333333333,25.0,81.33333333333333,1
35.73.03.1010,Cemorokandang,2026-09-30 18:00:00,23.333333333333332,90.66666666666667,6.1,47.666666666666664,0.2,Cerah,-1.0,-1.8369701987210297e-16,24.0,89.0,6.1,24.11111111111111,87.0,1
35.73.03.1010,Cemorokandang,2026-09-30 19:00:00,22.666666666666668,92.33333333333333,6.1,48.333333333333336,0.1,Cerah,-0.9659258262890684,0.2588190451025203,23.333333333333332,90.66666666666667,6.1,23.333333333333332,90.66666666666667,1
35.73.03.1010,Cemorokandang,2026-09-30 20:00:00,22.0,94.0,6.1,49.0,0.0,Cerah,-0.8660254037844386,0.5000000000000001,22.666666666666668,92.33333333333333,6.1,22.666666666666668,92.33333333333333,0
35.73.03.1010,Cemorokandang,2026-09-30 21:00:00,22.0,94.66666666666667,4.366666666666666,49.666666666666664,0.0,Cerah,-0.7071067811865477,0.7071067811865474,22.0,94.0,6.1,22.222222222222225,93.66666666666667,0
35.73.03.1010,Cemorokandang,2026-09-30 22:00:00,22.0,95.33333333333333,2.6333333333333333,50.333333333333336,0.0,Cerah,-0.5000000000000004,0.8660254037844384,22.0,94.66666666666667,4.366666666666666,22.0,94.66666666666667,0
35.73.03.1010,Cemorokandang,2026-09-30 23:00:00,22.0,96.0,0.9,51.0,0.0,Cerah,-0.25881904510252157,0.9659258262890681,22.0,95.33333333333333,2.6333333333333333,22.0,95.33333333333333,0
35.73.04.1001,Ciptomulyo,2026-09-28 19:00:00,22.0,91.0,4.0,95.0,0.0,Berawan,-0.9659258262890684,0.2588190451025203,,,,,,0
35.73.04.1001,Ciptomulyo,2026-09-28 20:00:00,21.666666666666668,92.0,3.2333333333333334,90.0,0.0,Berawan,-0.8660254037844386,0.5000000000000001,22.0,91.0,4.0,,,0
35.73.04.1001,Ciptomulyo,2026-09-28 21:00:00,21.333333333333332,93.0,2.466666666666667,85.0,0.0,Berawan,-0.7071067811865477,0.7071067811865474,21.666666666666668,92.0,3.2333333333333334,21.666666666666668,92.0,0
35.73.04.1001,Ciptomulyo,2026-09-28 22:00:00,21.0,94.0,1.7,80.0,0.0,Udara Kabur,-0.5000000000000004,0.8660254037844384,21.333333333333332,93.0,2.466666666666667,21.333333333333332,93.0,0
35.73.04.1001,Ciptomulyo,2026-09-28 23:00:00,21.0,92.66666666666667,2.033333333333333,69.33333333333333,0.0,Udara Kabur,-0.25881904510252157,0.9659258262890681,21.0,94.0,1.7,21.11111111111111,93.22222222222223,0
35.73.04.1001,Ciptomulyo,2026-09-29 00:00:00,21.0,91.33333333333333,2.3666666666666667,58.66666666666667,0.0,Udara Kabur,0.0,1.0,21.0,92.66666666666667,2.033333333333333,21.0,92.66666666666667,0
35.73.04.1001,Ciptomulyo,2026-09-29 01:00:00,21.0,90.0,2.7,48.0,0.0,Udara Kabur,0.25881904510252074,0.9659258262890683,21.0,91.33333333333333,2.3666666666666667,21.0,91.33333333333333,0
35.73.04.1001,Ciptomulyo,2026-09-29 02:00:00,20.666666666666668,88.66666666666667,2.666666666666667,35.333333333333336,0.0,Udara Kabur,0.49999999999999994,0.8660254037844387,21.0,90.0,2.7,20.88888888888889,90.0,0
35.73.04.1001,Ciptomulyo,2026-09-29 03:00:00,20.333333333333332,87.33333333333333,2.6333333333333333,22.666666666666668,0.0,Udara Kabur,0.7071067811865475,0.7071067811865476,20.666666666666668,88.66666666666667,2.666666666666667,20.666666666666668,88.66666666666667,0
35.73.04.1001,Ciptomulyo,2026-09-29 04:00:00,20.0,86.0,2.6,10.0,0.0,Udara Kabur,0.8660254037844386,0.5000000000000001,20.333333333333332,87.33333333333333,2.6333333333333333,20.333333333333332,87.33333333333333,0
35.73.04.1001,Ciptomulyo,2026-09-29 05:00:00,22.0,80.0,2.3,8.666666666666666,0.0,Udara Kabur,0.9659258262890683,0.25881904510252074,20.0,86.0,2.6,20.777777777777775,84.44444444444444,0
35.73.04.1001,Ciptomulyo,2026-09-29 06:00:00,24.0,74.0,2.0,7.333333333333334,0.0,Udara Kabur,1.0,6.123233995736766e-17,22.0,80.0,2.3,22.0,80.0,0
35.73.04.1001,Ciptomulyo,2026-09-29 07:00:00,26.0,68.0,1.7,6.0,0.0,Udara Kabur,0.9659258262890683,-0.25881904510252063,24.0,74.0,2.0,24.0,74.0,0
35.73.04.1001,Ciptomulyo,2026-09-29 08:00:00,27.333333333333332,61.666666666666664,3.6,21.333333333333336,0.0,Udara Kabur,0.8660254037844387,-0.4999999999999998,26.0,68.0,1.7,25.777777777777775,67.88888888888889,0
35.73.04.1001,Ciptomulyo,2026-09-29 09:00:00,28.666666666666668,55.333333333333336,5.5,36.66666666666667,0.0,Udara Kabur,0.7071067811865476,-0.7071067811865475,27.333333333333332,61.666666666666664,3.6,27.333333333333332,61.666666666666664,0
35.73.04.1001,Ciptomulyo,2026-09-29 10:00:00,30.0,49.0,7.4,52.0,0.0,Cerah,0.49999999999999994,-0.8660254037844387,28.666666666666668,55.333333333333336,5.5,28.666666666666668,55.333333333333336,0
35.73.04.1001,Ciptomulyo,2026-09-29 11:00:00,30.333333333333332,46.666666666666664,6.9,55.333333333333336,0.03333333333333333,Cerah,0.258819045102521,-0.9659258262890682,30.0,49.0,7.4,29.666666666666668,50.333333333333336,1
35.73.04.1001,Ciptomulyo,2026-09-29 12:00:00,30.666666666666668,44.333333333333336,6.4,58.666666666666664,0.06666666666666667,Cerah,1.2246467991473532e-16,-1.0,30.333333333333332,46.666666666666664,6.9,30.333333333333332,46.666666666666664,1
35.73.04.1001,Ciptomulyo,2026-09-29 13:00:00,31.0,42.0,5.9,62.0,0.1,Cerah Berawan,-0.2588190451025208,-0.9659258262890683,30.666666666666668,44.333333333333336,6.4,30.666666666666668,44.333333333333336,1
35.73.04.1001,Ciptomulyo,2026-09-29 14:00:00,29.333333333333332,49.0,6.166666666666667,53.333333333333336,0.06666666666666668,Cerah Berawan,-0.4999999999999997,-0.8660254037844388,31.0,42.0,5.9,30.333333333333332,45.111111111111114,1
35.73.04.1001,Ciptomulyo,2026-09-29 15:00:00,27.666666666666668,56.0,6.433333333333334,44.66666666666667,0.03333333333333334,Cerah Berawan,-0.7071067811865471,-0.7071067811865479,29.333333333333332,49.0,6.166666666666667,29.333333333333332,49.0,1
35.73.04.1001,Ciptomulyo,2026-09-29 16:00:00,26.0,63.0,6.7,36.0,0.0,Cerah,-0.8660254037844384,-0.5000000000000004,27.666666666666668,56.0,6.433333333333334,27.666666666666668,56.0,0
35.73.04.1001,Ciptomulyo,2026-09-29 17:00:00,25.0,71.33333333333333,6.0,33.666666666666664,0.0,Cerah,-0.9659258262890683,-0.25881904510252063,26.0,63.0,6.7,26.222222222222225,63.444444444444436,0
35.73.04.1001,Ciptomulyo,2026-09-29 18:00:00,24.0,79.66666666666667,5.3,31.333333333333332,0.0,Cerah,-1.0,-1.8369701987210297e-16,25.0,71.33333333333333,6.0,25.0,71.33333333333333,0
35.73.04.1001,Ciptomulyo,2026-09-29 19:00:00,23.0,88.0,4.6,29.0,0.0,Cerah,-0.9659258262890684,0.2588190451025203,24.0,79.66666666666667,5.3,24.0,79.66666666666667,0
35.73.04.1001,Ciptomulyo,2026-09-29 20:00:00,22.333333333333332,90.0,3.6999999999999997,25.666666666666668,0.0,Cerah,-0.8660254037844386,0.5000000000000001,23.0,88.0,4.6,23.11111111111111,85.8888888888889,0
35.73.04.1001,Ciptomulyo,2026-09-29 21:00:00,21.666666666666668,92.0,2.8,22.333333333333332,0.0,Cerah,-0.7071067811865477,0.7071067811865474,22.333333333333332,90.0,3.6999999999999997,22.333333333333332,90.0,0
35.73.04.1001,Ciptomulyo,2026-09-29 22:00:00,21.0,94.0,1.9,19.0,0.0,Cerah,-0.5000000000000004,0.8660254037844384,21.666666666666668,92.0,2.8,21.666666666666668,92.0,0
35.73.04.1001,Ciptomulyo,2026-09-29 23:00:00,21.0,93.66666666666667,1.8,40.33333333333333,0.0,Cerah,-0.25881904510252157,0.9659258262890681,21.0,94.0,1.9,21.222222222222225,93.22222222222223,0
35.73.04.1001,Ciptomulyo,2026-09-30 00:00:00,21.0,93.33333333333333,1.7,61.666666666666664,0.0,Cerah,0.0,1.0,21.0,93.66666666666667,1.8,21.0,93.66666666666667,0
35.73.04.1001,Ciptomulyo,2026-09-30 01:00:00,21.0,93.0,1.6,83.0,0.0,Udara Kabur,0.25881904510252074,0.9659258262890683,21.0,93.33333333333333,1.7,21.0,93.33333333333333,0
35.73.04.1001,Ciptomulyo,2026-09-30 02:00:00,20.666666666666668,92.33333333333333,1.5333333333333334,88.33333333333333,0.0,Udara Kabur,0.49999999999999994,0.8660254037844387,21.0,93.0,1.6,20.88888888888889,92.88888888888887,0
35.73.04.1001,Ciptomulyo,2026-09-30 03:00:00,20.333333333333332,91.66666666666667,1.4666666666666666,93.66666666666667,0.0,Udara Kabur,0.7071067811865475,0.7071067811865476,20.666666666666668,92.33333333333333,1.5333333333333334,20.666666666666668,92.33333333333333,0
35.73.04.1001,Ciptomulyo,2026-09-30 04:00:00,20.0,91.0,1.4,99.0,0.0,Udara Kabur,0.8660254037844386,0.5000000000000001,20.333333333333332,91.66666666666667,1.4666666666666666,20.333333333333332,91.66666666666667,0
35.73.04.1001,Ciptomulyo,2026-09-30 05:00:00,21.666666666666668,83.33333333333333,1.3,72.66666666666667,0.03333333333333333,Udara Kabur,0.9659258262890683,0.25881904510252074,20.0,91.0,1.4,20.666666666666668,88.66666666666667,1
35.73.04.1001,Ciptomulyo,2026-09-30 06:00:00,23.333333333333332,75.66666666666667,1.2,46.333333333333336,0.06666666666666667,Udara Kabur,1.0,6.123233995736766e-17,21.666666666666668,83.33333333333333,1.3,21.666666666666668,83.33333333333333,1
35.73.04.1001,Ciptomulyo,2026-09-30 07:00:00,25.0,68.0,1.1,20.0,0.1,Cerah,0.9659258262890683,-0.25881904510252063,23.333333333333332,75.66666666666667,1.2,23.333333333333332,75.66666666666667,1
35.73.04.1001,Ciptomulyo,2026-09-30 08:00:00,26.666666666666668,60.666666666666664,2.066666666666667,31.666666666666664,0.1,Cerah,0.8660254037844387,-0.4999999999999998,25.0,68.0,1.1,25.0,68.11111111111111,1
35.73.04.1001,Ciptomulyo,2026-09-30 09:00:00,28.333333333333332,53.333333333333336,3.033333333333333,43.33333333333333,0.1,Cerah,0.7071067811865476,-0.7071067811865475,26.666666666666668,60.666666666666664,2.066666666666667,26.666666666666668,60.666666666666664,1
35.73.04.1001,Ciptomulyo,2026-09-30 10:00:00,30.0,46.0,4.0,55.0,0.1,Cerah,0.49999999999999994,-0.8660254037844387,28.333333333333332,53.333333333333336,3.033333333333333,28.333333333333332,53.333333333333336,1
35.73.04.1001,Ciptomulyo,2026-09-30 11:00:00,29.0,52.666666666666664,4.0,64.33333333333333,0.3666666666666667,Cerah,0.258819045102521,-0.9659258262890682,30.0,46.0,4.0,29.11111111111111,50.666666666666664,1
35.73.04.1001,Ciptomulyo,2026-09-30 12:00:00,28.0,59.333333333333336,4.0,73.66666666666667,0.6333333333333333,Cerah,1.2246467991473532e-16,-1.0,29.0,52.666666666666664,4.0,29.0,52.666666666666664,1
35.73.04.1001,Ciptomulyo,2026-09-30 13:00:00,27.0,66.0,4.0,83.0,0.9,Cerah Berawan,-0.2588190451025208,-0.9659258262890683,28.0,59.333333333333336,4.0,28.0,59.333333333333336,1
35.73.04.1001,Ciptomulyo,2026-09-30 14:00:00,26.0,74.33333333333333,4.233333333333333,73.66666666666667,0.9,Cerah Berawan,-0.4999999999999997,-0.8660254037844388,27.0,66.0,4.0,27.0,66.55555555555556,1
35.73.04.1001,Ciptomulyo,2026-09-30 15:00:00,25.0,82.66666666666667,4.466666666666667,64.33333333333333,0.9,Cerah Berawan,-0.7071067811865471,-0.7071067811865479,26.0,74.33333333333333,4.233333333333333,26.0,74.33333333333333,1
35.73.04.1001,Ciptomulyo,2026-09-30 16:00:00,24.0,91.0,4.7,55.0,0.9,Cerah,-0.8660254037844384,-0.5000000000000004,25.0,82.66666666666667,4.466666666666667,25.0,82.66666666666667,1
35.73.04.1001,Ciptomulyo,2026-09-30 17:00:00,23.333333333333332,92.66666666666667,4.7,52.666666666666664,0.6000000000000001,Cerah,-0.9659258262890683,-0.25881904510252063,24.0,91.0,4.7,24.11111111111111,88.77777777777779,1
35.73.04.1001,Ciptomulyo,2026-09-30 18:00:00,22.666666666666668,94.33333333333333,4.7,50.333333333333336,0.30000000000000004,Cerah,-1.0,-1.8369701987210297e-16,23.333333333333332,92.66666666666667,4.7,23.333333333333332,92.66666666666667,1
35.73.04.1001,Ciptomulyo,2026-09-30 19:00:00,22.0,96.0,4.7,48.0,0.0,Cerah,-0.9659258262890684,0.2588190451025203,22.666666666666668,94.33333333333333,4.7,22.666666666666668,94.33333333333333,0
35.73.04.1001,Ciptomulyo,2026-09-30 20:00:00,22.0,96.33333333333333,4.1,46.666666666666664,0.0,Cerah,-0.8660254037844386,0.5000000000000001,22.0,96.0,4.7,22.222222222222225,95.55555555555554,0
35.73.04.1001,Ciptomulyo,2026-09-30 21:00:00,22.0,96.66666666666667,3.5,45.333333333333336,0.0,Cerah,-0.7071067811865477,0.7071067811865474,22.0,96.33333333333333,4.1,22.0,96.33333333333333,0
35.73.04.1001,Ciptomulyo,2026-09-30 22:00:00,22.0,97.0,2.9,44.0,0.0,Cerah,-0.5000000000000004,0.8660254037844384,22.0,96.66666666666667,3.5,22.0,96.66666666666667,0
35.73.04.1003,Kebonsari,2026-09-28 19:00:00,22.0,90.0,4.0,93.0,0.0,Berawan,-0.9659258262890684,0.2588190451025203,,,,,,0
35.73.04.1003,Kebonsari,2026-09-28 20:00:00,21.666666666666668,91.33333333333333,3.2333333333333334,88.66666666666667,0.0,Berawan,-0.8660254037844386,0.5000000000000001,22.0,90.0,4.0,,,0
35.73.04.1003,Kebonsari,2026-09-28 21:00:00,21.333333333333332,92.66666666666667,2.466666666666667,84.33333333333333,0.0,Berawan,-0.7071067811865477,0.7071067811865474,21.666666666666668,91.33333333333333,3.2333333333333334,21.666666666666668,91.33333333333333,0
35.73.04.1003,Kebonsari,2026-09-28 22:00:00,21.0,94.0,1.7,80.0,0.0,Udara Kabur,-0.5000000000000004,0.8660254037844384,21.333333333333332,92.66666666666667,2.466666666666667,21.333333333333332,92.66666666666667,0
35.73.04.1003,Kebonsari,2026-09-28 23:00:00,21.0,93.0,2.033333333333333,68.66666666666667,0.0,Udara Kabur,-0.25881904510252157,0.9659258262890681,21.0,94.0,1.7,21.11111111111111,93.22222222222223,0
35.73.04.1003,Kebonsari,2026-09-29 00:00:00,21.0,92.0,2.3666666666666667,57.33333333333333,0.0,Udara Kabur,0.0,1.0,21.0,93.0,2.033333333333333,21.0,93.0,0
35.73.04.1003,Kebonsari,2026-09-29 01:00:00,21.0,91.0,2.7,46.0,0.0,Udara Kabur,0.25881904510252074,0.9659258262890683,21.0,92.0,2.3666666666666667,21.0,92.0,0
35.73.04.1003,Kebonsari,2026-09-29 02:00:00,20.666666666666668,90.0,2.666666666666667,38.0,0.0,Udara Kabur,0.49999999999999994,0.8660254037844387,21.0,91.0,2.7,20.88888888888889,91.0,0
35.73.04.1003,Kebonsari,2026-09-29 03:00:00,20.333333333333332,89.0,2.6333333333333333,30.0,0.0,Udara Kabur,0.7071067811865475,0.7071067811865476,20.666666666666668,90.0,2.666666666666667,20.666666666666668,90.0,0
35.73.04.1003,Kebonsari,2026-09-29 04:00:00,20.0,88.0,2.6,22.0,0.0,Cerah,0.8660254037844386,0.5000000000000001,20.333333333333332,89.0,2.6333333333333333,20.333333333333332,89.0,0
35.73.04.1003,Kebonsari,2026-09-29 05:00:00,22.0,81.33333333333333,2.3,17.0,0.0,Cerah,0.9659258262890683,0.25881904510252074,20.0,88.0,2.6,20.777777777777775,86.1111111111111,0
35.73.04.1003,Kebonsari,2026-09-29 06:00:00,24.0,74.66666666666667,2.0,12.0,0.0,Cerah,1.0,6.123233995736766e-17,22.0,81.33333333333333,2.3,22.0,81.33333333333333,0
35.73.04.1003,Kebonsari,2026-09-29 07:00:00,26.0,68.0,1.7,7.0,0.0,Udara Kabur,0.9659258262890683,-0.25881904510252063,24.0,74.66666666666667,2.0,24.0,74.66666666666667,0
35.73.04.1003,Kebonsari,2026-09-29 08:00:00,27.333333333333332,61.333333333333336,3.6,21.666666666666664,0.0,Udara Kabur,0.8660254037844387,-0.4999999999999998,26.0,68.0,1.7,25.777777777777775,68.00000000000001,0
35.73.04.1003,Kebonsari,2026-09-29 09:00:00,28.666666666666668,54.666666666666664,5.5,36.33333333333333,0.0,Udara Kabur,0.7071067811865476,-0.7071067811865475,27.333333333333332,61.333333333333336,3.6,27.333333333333332,61.333333333333336,0
35.73.04.1003,Kebonsari,2026-09-29 10:00:00,30.0,48.0,7.4,51.0,0.0,Cerah,0.49999999999999994,-0.8660254037844387,28.666666666666668,54.666666666666664,5.5,28.666666666666668,54.666666666666664,0
35.73.04.1003,Kebonsari,2026-09-29 11:00:00,30.333333333333332,47.0,6.9,55.666666666666664,0.03333333333333333,Cerah,0.258819045102521,-0.9659258262890682,30.0,48.0,7.4,29.666666666666668,49.888888888888886,1
35.73.04.1003,Kebonsari,2026-09-29 12:00:00,30.666666666666668,46.0,6.4,60.333333333333336,0.06666666666666667,Cerah,1.2246467991473532e-16,-1.0,30.333333333333332,47.0,6.9,30.333333333333332,47.0,1
35.73.04.1003,Kebonsari,2026-09-29 13:00:00,31.0,45.0,5.9,65.0,0.1,Cerah Berawan,-0.2588190451025208,-0.9659258262890683,30.666666666666668,46.0,6.4,30.666666666666668,46.0,1
35.73.04.1003,Kebonsari,2026-09-29 14:00:00,29.333333333333332,51.666666666666664,6.166666666666667,55.0,0.06666666666666668,Cerah Berawan,-0.4999999999999997,-0.8660254037844388,31.0,45.0,5.9,30.333333333333332,47.55555555555555,1
35.73.04.1003,Kebonsari,2026-09-29 15:00:00,27.666666666666668,58.333333333333336,6.433333333333334,45.0,0.03333333333333334,Cerah Berawan,-0.7071067811865471,-0.7071067811865479,29.333333333333332,51.666666666666664,6.166666666666667,29.333333333333332,51.666666666666664,1
35.73.04.1003,Kebonsari,2026-09-29 16:00:00,26.0,65.0,6.7,35.0,0.0,Cerah,-0.8660254037844384,-0.5000000000000004,27.666666666666668,58.333333333333336,6.433333333333334,27.666666666666668,58.333333333333336,0
35.73.04.1003,Kebonsari,2026-09-29 17:00:00,25.0,72.66666666666667,6.0,31.666666666666668,0.0,Cerah,-0.9659258262890683,-0.25881904510252063,26.0,65.0,6.7,26.222222222222225,65.33333333333333,0
35.73.04.1003,Kebonsari,2026-09-29 18:00:00,24.0,80.33333333333333,5.3,28.333333333333332,0.0,Cerah,-1.0,-1.8369701987210297e-16,25.0,72.66666666666667,6.0,25.0,72.66666666666667,0
35.73.04.1003,Kebonsari,2026-09-29 19:00:00,23.0,88.0,4.6,25.0,0.0,Cerah,-0.9659258262890684,0.2588190451025203,24.0,80.33333333333333,5.3,24.0,80.33333333333333,0
35.73.04.1003,Kebonsari,2026-09-29 20:00:00,22.333333333333332,90.33333333333333,3.6999999999999997,23.333333333333332,0.0,Cerah,-0.8660254037844386,0.5000000000000001,23.0,88.0,4.6,23.11111111111111,86.22222222222221,0
35.73.04.1003,Kebonsari,2026-09-29 21:00:00,21.666666666666668,92.66666666666667,2.8,21.666666666666668,0.0,Cerah,-0.7071067811865477,0.7071067811865474,22.333333333333332,90.33333333333333,3.6999999999999997,22.333333333333332,90.33333333333333,0
35.73.04.1003,Kebonsari,2026-09-29 22:00:00,21.0,95.0,1.9,20.0,0.0,Cerah,-0.5000000000000004,0.8660254037844384,21.666666666666668,92.66666666666667,2.8,21.666666666666668,92.66666666666667,0
35.73.04.1003,Kebonsari,2026-09-29 23:00:00,21.0,94.66666666666667,1.8,42.0,0.0,Cerah,-0.25881904510252157,0.9659258262890681,21.0,95.0,1.9,21.222222222222225,94.11111111111113,0
35.73.04.1003,Kebonsari,2026-09-30 00:00:00,21.0,94.33333333333333,1.7,64.0,0.0,Cerah,0.0,1.0,21.0,94.66666666666667,1.8,21.0,94.66666666666667,0
35.73.04.1003,Kebonsari,2026-09-30 01:00:00,21.0,94.0,1.6,86.0,0.0,Cerah Berawan,0.25881904510252074,0.9659258262890683,21.0,94.33333333333333,1.7,21.0,94.33333333333333,0
35.73.04.1003,Kebonsari,2026-09-30 02:00:00,20.666666666666668,93.33333333333333,1.5333333333333334,90.33333333333333,0.0,Cerah Berawan,0.49999999999999994,0.8660254037844387,21.0,94.0,1.6,20.88888888888889,93.88888888888887,0
35.73.04.1003,Kebonsari,2026-09-30 03:00:00,20.333333333333332,92.66666666666667,1.4666666666666666,94.66666666666667,0.0,Cerah Berawan,0.7071067811865475,0.7071067811865476,20.666666666666668,93.33333333333333,1.5333333333333334,20.666666666666668,93.33333333333333,0
35.73.04.1003,Kebonsari,2026-09-30 04:00:00,20.0,92.0,1.4,99.0,0.0,Berawan,0.8660254037844386,0.5000000000000001,20.333333333333332,92.66666666666667,1.4666666666666666,20.333333333333332,92.66666666666667,0
35.73.04.1003,Kebonsari,2026-09-30 05:00:00,21.666666666666668,84.33333333333333,1.3,74.0,0.03333333333333333,Berawan,0.9659258262890683,0.25881904510252074,20.0,92.0,1.4,20.666666666666668,89.66666666666667,1
35.73.04.1003,Kebonsari,2026-09-30 06:00:00,23.333333333333332,76.66666666666667,1.2,49.0,0.06666666666666667,Berawan,1.0,6.123233995736766e-17,21.666666666666668,84.33333333333333,1.3,21.666666666666668,84.33333333333333,1
35.73.04.1003,Kebonsari,2026-09-30 07:00:00,25.0,69.0,1.1,24.0,0.1,Cerah,0.9659258262890683,-0.25881904510252063,23.333333333333332,76.66666666666667,1.2,23.333333333333332,76.66666666666667,1
35.73.04.1003,Kebonsari,2026-09-30 08:00:00,27.0,61.666666666666664,2.066666666666667,31.666666666666668,0.1,Cerah,0.8660254037844387,-0.4999999999999998,25.0,69.0,1.1,25.11111111111111,69.11111111111111,1
35.73.04.1003,Kebonsari,2026-09-30 09:00:00,29.0,54.333333333333336,3.033333333333333,39.333333333333336,0.1,Cerah,0.7071067811865476,-0.7071067811865475,27.0,61.666666666666664,2.066666666666667,27.0,61.666666666666664,1
35.73.04.1003,Kebonsari,2026-09-30 10:00:00,31.0,47.0,4.0,47.0,0.1,Cerah,0.49999999999999994,-0.8660254037844387,29.0,54.333333333333336,3.033333333333333,29.0,54.333333333333336,1
35.73.04.1003,Kebonsari,2026-09-30 11:00:00,29.666666666666668,54.333333333333336,4.0,58.666666666666664,0.33333333333333337,Cerah,0.258819045102521,-0.9659258262890682,31.0,47.0,4.0,29.88888888888889,51.88888888888889,1
35.73.04.1003,Kebonsari,2026-09-30 12:00:00,28.333333333333332,61.666666666666664,4.0,70.33333333333333,0.5666666666666668,Cerah,1.2246467991473532e-16,-1.0,29.666666666666668,54.333333333333336,4.0,29.666666666666668,54.333333333333336,1
35.73.04.1003,Kebonsari,2026-09-30 13:00:00,27.0,69.0,4.0,82.0,0.8,Cerah Berawan,-0.2588190451025208,-0.9659258262890683,28.333333333333332,61.666666666666664,4.0,28.333333333333332,61.666666666666664,1
35.73.04.1003,Kebonsari,2026-09-30 14:00:00,26.0,76.33333333333333,4.233333333333333,73.66666666666667,0.8,Cerah Berawan,-0.4999999999999997,-0.8660254037844388,27.0,69.0,4.0,27.11111111111111,69.0,1
35.73.04.1003,Kebonsari,2026-09-30 15:00:00,25.0,83.66666666666667,4.466666666666667,65.33333333333333,0.8,Cerah Berawan,-0.7071067811865471,-0.7071067811865479,26.0,76.33333333333333,4.233333333333333,26.0,76.33333333333333,1
35.73.04.1003,Kebonsari,2026-09-30 16:00:00,24.0,91.0,4.7,57.0,0.8,Cerah,-0.8660254037844384,-0.5000000000000004,25.0,83.66666666666667,4.466666666666667,25.0,83.66666666666667,1
35.73.04.1003,Kebonsari,2026-09-30 17:00:00,23.333333333333332,92.66666666666667,4.7,54.333333333333336,0.5333333333333334,Cerah,-0.9659258262890683,-0.25881904510252063,24.0,91.0,4.7,24.11111111111111,89.11111111111113,1
35.73.04.1003,Kebonsari,2026-09-30 18:00:00,22.666666666666668,94.33333333333333,4.7,51.666666666666664,0.2666666666666667,Cerah,-1.0,-1.8369701987210297e-16,23.333333333333332,92.66666666666667,4.7,23.333333333333332,92.66666666666667,1
35.73.04.1003,Kebonsari,2026-09-30 19:00:00,22.0,96.0,4.7,49.0,0.0,Cerah,-0.9659258262890684,0.2588190451025203,22.666666666666668,94.33333333333333,4.7,22.666666666666668,94.33333333333333,0
35.73.04.1003,Kebonsari,2026-09-30 20:00:00,22.0,96.33333333333333,4.1,50.0,0.0,Cerah,-0.8660254037844386,0.5000000000000001,22.0,96.0,4.7,22.222222222222225,95.55555555555554,0
35.73.04.1003,Kebonsari,2026-09-30 21:00:00,22.0,96.66666666666667,3.5,51.0,0.0,Cerah,-0.7071067811865477,0.7071067811865474,22.0,96.33333333333333,4.1,22.0,96.33333333333333,0
35.73.04.1003,Kebonsari,2026-09-30 22:00:00,22.0,97.0,2.9,52.0,0.0,Udara Kabur,-0.5000000000000004,0.8660254037844384,22.0,96.66666666666667,3.5,22.0,96.66666666666667,0
35.73.04.1010,Mulyorejo,2026-09-28 19:00:00,22.0,92.0,4.0,94.0,0.0,Berawan,-0.9659258262890684,0.2588190451025203,,,,,,0
35.73.04.1010,Mulyorejo,2026-09-28 20:00:00,21.666666666666668,92.66666666666667,3.2333333333333334,89.33333333333333,0.0,Berawan,-0.8660254037844386,0.5000000000000001,22.0,92.0,4.0,,,0
35.73.04.1010,Mulyorejo,2026-09-28 21:00:00,21.333333333333332,93.33333333333333,2.466666666666667,84.66666666666667,0.0,Berawan,-0.7071067811865477,0.7071067811865474,21.666666666666668,92.66666666666667,3.2333333333333334,21.666666666666668,92.66666666666667,0
35.73.04.1010,Mulyorejo,2026-09-28 22:00:00,21.0,94.0,1.7,80.0,0.0,Kabut/Asap,-0.5000000000000004,0.8660254037844384,21.333333333333332,93.33333333333333,2.466666666666667,21.333333333333332,93.33333333333333,0
35.73.04.1010,Mulyorejo,2026-09-28 23:00:00,20.666666666666668,92.66666666666667,2.033333333333333,68.66666666666667,0.0,Kabut/Asap,-0.25881904510252157,0.9659258262890681,21.0,94.0,1.7,21.0,93.33333333333333,0
35.73.04.1010,Mulyorejo,2026-09-29 00:00:00,20.333333333333332,91.33333333333333,2.3666666666666667,57.33333333333333,0.0,Kabut/Asap,0.0,1.0,20.666666666666668,92.66666666666667,2.033333333333333,20.666666666666668,92.66666666666667,0
35.73.04.1010,Mulyorejo,2026-09-29 01:00:00,20.0,90.0,2.7,46.0,0.0,Udara Kabur,0.25881904510252074,0.9659258262890683,20.333333333333332,91.33333333333333,2.3666666666666667,20.333333333333332,91.33333333333333,0
35.73.04.1010,Mulyorejo,2026-09-29 02:00:00,20.0,89.0,2.666666666666667,32.666666666666664,0.0,Udara Kabur,0.49999999999999994,0.8660254037844387,20.0,90.0,2.7,20.11111111111111,90.1111111111111,0
35.73.04.1010,Mulyorejo,2026-09-29 03:00:00,20.0,88.0,2.6333333333333333,19.333333333333332,0.0,Udara Kabur,0.7071067811865475,0.7071067811865476,20.0,89.0,2.666666666666667,20.0,89.0,0
35.73.04.1010,Mulyorejo,2026-09-29 04:00:00,20.0,87.0,2.6,6.0,0.0,Udara Kabur,0.8660254037844386,0.5000000000000001,20.0,88.0,2.6333333333333333,20.0,88.0,0
35.73.04.1010,Mulyorejo,2026-09-29 05:00:00,21.666666666666668,81.66666666666667,2.3,6.0,0.0,Udara Kabur,0.9659258262890683,0.25881904510252074,20.0,87.0,2.6,20.555555555555557,85.55555555555556,0
35.73.04.1010,Mulyorejo,2026-09-29 06:00:00,23.333333333333332,76.33333333333333,2.0,6.0,0.0,Udara Kabur,1.0,6.123233995736766e-17,21.666666666666668,81.66666666666667,2.3,21.666666666666668,81.66666666666667,0
35.73.04.1010,Mulyorejo,2026-09-29 07:00:00,25.0,71.0,1.7,6.0,0.0,Udara Kabur,0.9659258262890683,-0.25881904510252063,23.333333333333332,76.33333333333333,2.0,23.333333333333332,76.33333333333333,0
35.73.04.1010,Mulyorejo,2026-09-29 08:00:00,26.666666666666668,64.33333333333333,3.6,24.333333333333332,0.0,Udara Kabur,0.8660254037844387,-0.4999999999999998,25.0,71.0,1.7,25.0,70.55555555555554,0
35.73.04.1010,Mulyorejo,2026-09-29 09:00:00,28.333333333333332,57.666666666666664,5.5,42.666666666666664,0.0,Udara Kabur,0.7071067811865476,-0.7071067811865475,26.666666666666668,64.33333333333333,3.6,26.666666666666668,64.33333333333333,0
35.73.04.1010,Mulyorejo,2026-09-29 10:00:00,30.0,51.0,7.4,61.0,0.0,Cerah Berawan,0.49999999999999994,-0.8660254037844387,28.333333333333332,57.666666666666664,5.5,28.333333333333332,57.666666666666664,0
35.73.04.1010,Mulyorejo,2026-09-29 11:00:00,30.0,48.333333333333336,6.9,63.333333333333336,0.03333333333333333,Cerah Berawan,0.258819045102521,-0.9659258262890682,30.0,51.0,7.4,29.444444444444443,52.333333333333336,1
35.73.04.1010,Mulyorejo,2026-09-29 12:00:00,30.0,45.666666666666664,6.4,65.66666666666667,0.06666666666666667,Cerah Berawan,1.2246467991473532e-16,-1.0,30.0,48.333333333333336,6.9,30.0,48.333333333333336,1
35.73.04.1010,Mulyorejo,2026-09-29 13:00:00,30.0,43.0,5.9,68.0,0.1,Cerah Berawan,-0.2588190451025208,-0.9659258262890683,30.0,45.666666666666664,6.4,30.0,45.666666666666664,1
35.73.04.1010,Mulyorejo,2026-09-29 14:00:00,28.666666666666668,51.333333333333336,6.166666666666667,59.333333333333336,0.06666666666666668,Cerah Berawan,-0.4999999999999997,-0.8660254037844388,30.0,43.0,5.9,29.555555555555557,46.666666666666664,1
35.73.04.1010,Mulyorejo,2026-09-29 15:00:00,27.333333333333332,59.66666666666667,6.433333333333334,50.66666666666667,0.03333333333333334,Cerah Berawan,-0.7071067811865471,-0.7071067811865479,28.666666666666668,51.333333333333336,6.166666666666667,28.666666666666668,51.333333333333336,1
35.73.04.1010,Mulyorejo,2026-09-29 16:00:00,26.0,68.0,6.7,42.0,0.0,Cerah,-0.8660254037844384,-0.5000000000000004,27.333333333333332,59.66666666666667,6.433333333333334,27.333333333333332,59.666666666666664,0
35.73.04.1010,Mulyorejo,2026-09-29 17:00:00,24.666666666666668,75.0,6.0,38.666666666666664,0.0,Cerah,-0.9659258262890683,-0.25881904510252063,26.0,68.0,6.7,26.0,67.55555555555556,0
35.73.04.1010,Mulyorejo,2026-09-29 18:00:00,23.333333333333332,82.0,5.3,35.333333333333336,0.0,Cerah,-1.0,-1.8369701987210297e-16,24.666666666666668,75.0,6.0,24.666666666666668,75.0,0
35.73.04.1010,Mulyorejo,2026-09-29 19:00:00,22.0,89.0,4.6,32.0,0.0,Cerah,-0.9659258262890684,0.2588190451025203,23.333333333333332,82.0,5.3,23.333333333333332,82.0,0
35.73.04.1010,Mulyorejo,2026-09-29 20:00:00,21.666666666666668,91.0,3.6999999999999997,28.0,0.0,Cerah,-0.8660254037844386,0.5000000000000001,22.0,89.0,4.6,22.333333333333332,87.33333333333333,0
35.73.04.1010,Mulyorejo,2026-09-29 21:00:00,21.333333333333332,93.0,2.8,24.0,0.0,Cerah,-0.7071067811865477,0.7071067811865474,21.666666666666668,91.0,3.6999999999999997,21.666666666666668,91.0,0
35.73.04.1010,Mulyorejo,2026-09-29 22:00:00,21.0,95.0,1.9,20.0,0.0,Cerah,-0.5000000000000004,0.8660254037844384,21.333333333333332,93.0,2.8,21.333333333333332,93.0,0
35.73.04.1010,Mulyorejo,2026-09-29 23:00:00,20.666666666666668,94.33333333333333,1.8,41.33333333333333,0.0,Cerah,-0.25881904510252157,0.9659258262890681,21.0,95.0,1.9,21.0,94.1111111111111,0
35.73.04.1010,Mulyorejo,2026-09-30 00:00:00,20.333333333333332,93.66666666666667,1.7,62.666666666666664,0.0,Cerah,0.0,1.0,20.666666666666668,94.33333333333333,1.8,20.666666666666668,94.33333333333333,0
35.73.04.1010,Mulyorejo,2026-09-30 01:00:00,20.0,93.0,1.6,84.0,0.0,Udara Kabur,0.25881904510252074,0.9659258262890683,20.333333333333332,93.66666666666667,1.7,20.333333333333332,93.66666666666667,0
35.73.04.1010,Mulyorejo,2026-09-30 02:00:00,20.0,92.0,1.5333333333333334,89.0,0.0,Udara Kabur,0.49999999999999994,0.8660254037844387,20.0,93.0,1.6,20.11111111111111,92.8888888888889,0
35.73.04.1010,Mulyorejo,2026-09-30 03:00:00,20.0,91.0,1.4666666666666666,94.0,0.0,Udara Kabur,0.7071067811865475,0.7071067811865476,20.0,92.0,1.5333333333333334,20.0,92.0,0
35.73.04.1010,Mulyorejo,2026-09-30 04:00:00,20.0,90.0,1.4,99.0,0.0,Udara Kabur,0.8660254037844386,0.5000000000000001,20.0,91.0,1.4666666666666666,20.0,91.0,0
35.73.04.1010,Mulyorejo,2026-09-30 05:00:00,21.666666666666668,82.66666666666667,1.3,71.66666666666667,0.03333333333333333,Udara Kabur,0.9659258262890683,0.25881904510252074,20.0,90.0,1.4,20.555555555555557,87.88888888888887,1
35.73.04.1010,Mulyorejo,2026-09-30 06:00:00,23.333333333333332,75.33333333333333,1.2,44.333333333333336,0.06666666666666667,Udara Kabur,1.0,6.123233995736766e-17,21.666666666666668,82.66666666666667,1.3,21.666666666666668,82.66666666666667,1
35.73.04.1010,Mulyorejo,2026-09-30 07:00:00,25.0,68.0,1.1,17.0,0.1,Cerah,0.9659258262890683,-0.25881904510252063,23.333333333333332,75.33333333333333,1.2,23.333333333333332,75.33333333333333,1
35.73.04.1010,Mulyorejo,2026-09-30 08:00:00,26.666666666666668,61.0,2.066666666666667,30.666666666666664,0.1,Cerah,0.8660254037844387,-0.4999999999999998,25.0,68.0,1.1,25.0,68.1111111111111,1
35.73.04.1010,Mulyorejo,2026-09-30 09:00:00,28.333333333333332,54.0,3.033333333333333,44.33333333333333,0.1,Cerah,0.7071067811865476,-0.7071067811865475,26.666666666666668,61.0,2.066666666666667,26.666666666666668,61.0,1
35.73.04.1010,Mulyorejo,2026-09-30 10:00:00,30.0,47.0,4.0,58.0,0.1,Cerah,0.49999999999999994,-0.8660254037844387,28.333333333333332,54.0,3.033333333333333,28.333333333333332,54.0,1
35.73.04.1010,Mulyorejo,2026-09-30 11:00:00,28.666666666666668,55.333333333333336,4.0,70.0,0.43333333333333335,Cerah,0.258819045102521,-0.9659258262890682,30.0,47.0,4.0,29.0,52.111111111111114,1
35.73.04.1010,Mulyorejo,2026-09-30 12:00:00,27.333333333333332,63.66666666666667,4.0,82.0,0.7666666666666666,Cerah,1.2246467991473532e-16,-1.0,28.666666666666668,55.333333333333336,4.0,28.666666666666668,55.333333333333336,1
35.73.04.1010,Mulyorejo,2026-09-30 13:00:00,26.0,72.0,4.0,94.0,1.1,Hujan Ringan,-0.2588190451025208,-0.9659258262890683,27.333333333333332,63.66666666666667,4.0,27.333333333333332,63.666666666666664,1
35.73.04.1010,Mulyorejo,2026-09-30 14:00:00,25.0,79.66666666666667,4.233333333333333,83.0,1.1,Hujan Ringan,-0.4999999999999997,-0.8660254037844388,26.0,72.0,4.0,26.11111111111111,71.77777777777777,1
35.73.04.1010,Mulyorejo,2026-09-30 15:00:00,24.0,87.33333333333333,4.466666666666667,72.0,1.1,Hujan Ringan,-0.7071067811865471,-0.7071067811865479,25.0,79.66666666666667,4.233333333333333,25.0,79.66666666666667,1
35.73.04.1010,Mulyorejo,2026-09-30 16:00:00,23.0,95.0,4.7,61.0,1.1,Hujan Ringan,-0.8660254037844384,-0.5000000000000004,24.0,87.33333333333333,4.466666666666667,24.0,87.33333333333333,1
35.73.04.1010,Mulyorejo,2026-09-30 17:00:00,22.666666666666668,96.0,4.7,57.666666666666664,0.7333333333333334,Hujan Ringan,-0.9659258262890683,-0.25881904510252063,23.0,95.0,4.7,23.222222222222225,92.77777777777777,1
35.73.04.1010,Mulyorejo,2026-09-30 18:00:00,22.333333333333332,97.0,4.7,54.333333333333336,0.3666666666666667,Hujan Ringan,-1.0,-1.8369701987210297e-16,22.666666666666668,96.0,4.7,22.666666666666668,96.0,1
35.73.04.1010,Mulyorejo,2026-09-30 19:00:00,22.0,98.0,4.7,51.0,0.0,Cerah,-0.9659258262890684,0.2588190451025203,22.333333333333332,97.0,4.7,22.333333333333332,97.0,0
35.73.04.1010,Mulyorejo,2026-09-30 20:00:00,21.666666666666668,98.0,4.1,46.0,0.0,Cerah,-0.8660254037844386,0.5000000000000001,22.0,98.0,4.7,22.0,97.66666666666667,0
35.73.04.1010,Mulyorejo,2026-09-30 21:00:00,21.333333333333332,98.0,3.5,41.0,0.0,Cerah,-0.7071067811865477,0.7071067811865474,21.666666666666668,98.0,4.1,21.666666666666668,98.0,0
35.73.04.1010,Mulyorejo,2026-09-30 22:00:00,21.0,98.0,2.9,36.0,0.0,Udara Kabur,-0.5000000000000004,0.8660254037844384,21.333333333333332,98.0,3.5,21.333333333333332,98.0,0
35.73.05.1001,Tunggulwulung,2026-09-28 20:00:00,21.0,95.0,1.4,95.0,0.0,Udara Kabur,-0.8660254037844386,0.5000000000000001,,,,,,0
35.73.05.1001,Tunggulwulung,2026-09-28 21:00:00,20.333333333333332,95.0,2.1333333333333333,89.66666666666667,0.0,Udara Kabur,-0.7071067811865477,0.7071067811865474,21.0,95.0,1.4,,,0
35.73.05.1001,Tunggulwulung,2026-09-28 22:00:00,19.666666666666668,95.0,2.8666666666666667,84.33333333333333,0.0,Udara Kabur,-0.5000000000000004,0.8660254037844384,20.333333333333332,95.0,2.1333333333333333,20.333333333333332,95.0,0
35.73.05.1001,Tunggulwulung,2026-09-28 23:00:00,19.0,95.0,3.6,79.0,0.0,Udara Kabur,-0.25881904510252157,0.9659258262890681,19.666666666666668,95.0,2.8666666666666667,19.666666666666668,95.0,0
35.73.05.1001,Tunggulwulung,2026-09-29 00:00:00,19.0,93.33333333333333,3.2333333333333334,62.66666666666667,0.0,Udara Kabur,0.0,1.0,19.0,95.0,3.6,19.222222222222225,94.44444444444444,0
35.73.05.1001,Tunggulwulung,2026-09-29 01:00:00,19.0,91.66666666666667,2.8666666666666667,46.333333333333336,0.0,Udara Kabur,0.25881904510252074,0.9659258262890683,19.0,93.33333333333333,3.2333333333333334,19.0,93.33333333333333,0
35.73.05.1001,Tunggulwulung,2026-09-29 02:00:00,19.0,90.0,2.5,30.0,0.0,Udara Kabur,0.49999999999999994,0.8660254037844387,19.0,91.66666666666667,2.8666666666666667,19.0,91.66666666666667,0
35.73.05.1001,Tunggulwulung,2026-09-29 03:00:00,19.333333333333332,87.33333333333333,2.033333333333333,22.333333333333332,0.0,Udara Kabur,0.7071067811865475,0.7071067811865476,19.0,90.0,2.5,19.11111111111111,89.66666666666667,0
35.73.05.1001,Tunggulwulung,2026-09-29 04:00:00,19.666666666666668,84.66666666666667,1.5666666666666669,14.666666666666666,0.0,Udara Kabur,0.8660254037844386,0.5000000000000001,19.333333333333332,87.33333333333333,2.033333333333333,19.333333333333332,87.33333333333333,0
35.73.05.1001,Tunggulwulung,2026-09-29 05:00:00,20.0,82.0,1.1,7.0,0.0,Cerah,0.9659258262890683,0.25881904510252074,19.666666666666668,84.66666666666667,1.5666666666666669,19.666666666666668,84.66666666666667,0
35.73.05.1001,Tunggulwulung,2026-09-29 06:00:00,22.333333333333332,73.0,3.966666666666667,8.666666666666666,0.0,Cerah,1.0,6.123233995736766e-17,20.0,82.0,1.1,20.666666666666668,79.8888888888889,0
35.73.05.1001,Tunggulwulung,2026-09-29 07:00:00,24.666666666666668,64.0,6.833333333333334,10.333333333333334,0.0,Cerah,0.9659258262890683,-0.25881904510252063,22.333333333333332,73.0,3.966666666666667,22.333333333333332,73.0,0
35.73.05.1001,Tunggulwulung,2026-09-29 08:00:00,27.0,55.0,9.7,12.0,0.0,Cerah,0.8660254037844387,-0.4999999999999998,24.666666666666668,64.0,6.833333333333334,24.666666666666668,64.0,0
35.73.05.1001,Tunggulwulung,2026-09-29 09:00:00,28.0,51.333333333333336,9.666666666666666,19.666666666666668,0.0,Cerah,0.7071067811865476,-0.7071067811865475,27.0,55.0,9.7,26.555555555555557,56.77777777777778,0
35.73.05.1001,Tunggulwulung,2026-09-29 10:00:00,29.0,47.666666666666664,9.633333333333333,27.333333333333336,0.0,Cerah,0.49999999999999994,-0.8660254037844387,28.0,51.333333333333336,9.666666666666666,28.0,51.333333333333336,0
35.73.05.1001,Tunggulwulung,2026-09-29 11:00:00,30.0,44.0,9.6,35.0,0.0,Cerah,0.258819045102521,-0.9659258262890682,29.0,47.666666666666664,9.633333333333333,29.0,47.666666666666664,0
35.73.05.1001,Tunggulwulung,2026-09-29 12:00:00,29.333333333333332,44.0,8.733333333333333,38.333333333333336,0.0,Cerah,1.2246467991473532e-16,-1.0,30.0,44.0,9.6,29.444444444444443,45.22222222222222,0
35.73.05.1001,Tunggulwulung,2026-09-29 13:00:00,28.666666666666668,44.0,7.866666666666666,41.666666666666664,0.0,Cerah,-0.2588190451025208,-0.9659258262890683,29.333333333333332,44.0,8.733333333333333,29.333333333333332,44.0,0
35.73.05.1001,Tunggulwulung,2026-09-29 14:00:00,28.0,44.0,7.0,45.0,0.0,Cerah,-0.4999999999999997,-0.8660254037844388,28.666666666666668,44.0,7.866666666666666,28.666666666666668,44.0,0
35.73.05.1001,Tunggulwulung,2026-09-29 15:00:00,26.333333333333332,54.333333333333336,6.0,43.0,0.0,Cerah,-0.7071067811865471,-0.7071067811865479,28.0,44.0,7.0,27.666666666666668,47.44444444444445,0
35.73.05.1001,Tunggulwulung,2026-09-29 16:00:00,24.666666666666668,64.66666666666667,5.0,41.0,0.0,Cerah,-0.8660254037844384,-0.5000000000000004,26.333333333333332,54.333333333333336,6.0,26.333333333333332,54.333333333333336,0
35.73.05.1001,Tunggulwulung,2026-09-29 17:00:00,23.0,75.0,4.0,39.0,0.0,Cerah,-0.9659258262890683,-0.25881904510252063,24.666666666666668,64.66666666666667,5.0,24.666666666666668,64.66666666666667,0
35.73.05.1001,Tunggulwulung,2026-09-29 18:00:00,22.333333333333332,80.66666666666667,3.3333333333333335,34.0,0.0,Cerah,-1.0,-1.8369701987210297e-16,23.0,75.0,4.0,23.333333333333332,73.44444444444444,0
35.73.05.1001,Tunggulwulung,2026-09-29 19:00:00,21.666666666666668,86.33333333333333,2.666666666666667,29.0,0.0,Cerah,-0.9659258262890684,0.2588190451025203,22.333333333333332,80.66666666666667,3.3333333333333335,22.333333333333332,80.66666666666667,0
35.73.05.1001,Tunggulwulung,2026-09-29 20:00:00,21.0,92.0,2.0,24.0,0.0,Cerah,-0.8660254037844386,0.5000000000000001,21.666666666666668,86.33333333333333,2.666666666666667,21.666666666666668,86.33333333333333,0
35.73.05.1001,Tunggulwulung,2026-09-29 21:00:00,20.666666666666668,92.66666666666667,1.8666666666666667,30.666666666666668,0.0,Cerah,-0.7071067811865477,0.7071067811865474,21.0,92.0,2.0,21.111111111111114,90.33333333333333,0
35.73.05.1001,Tunggulwulung,2026-09-29 22:00:00,20.333333333333332,93.33333333333333,1.7333333333333334,37.333333333333336,0.0,Cerah,-0.5000000000000004,0.8660254037844384,20.666666666666668,92.66666666666667,1.8666666666666667,20.666666666666668,92.66666666666667,0
35.73.05.1001,Tunggulwulung,2026-09-29 23:00:00,20.0,94.0,1.6,44.0,0.0,Udara Kabur,-0.25881904510252157,0.9659258262890681,20.333333333333332,93.33333333333333,1.7333333333333334,20.333333333333332,93.33333333333333,0
35.73.05.1001,Tunggulwulung,2026-09-30 00:00:00,19.666666666666668,93.33333333333333,1.5666666666666667,61.33333333333333,0.0,Udara Kabur,0.0,1.0,20.0,94.0,1.6,20.0,93.55555555555554,0
35.73.05.1001,Tunggulwulung,2026-09-30 01:00:00,19.333333333333332,92.66666666666667,1.5333333333333334,78.66666666666666,0.0,Udara Kabur,0.25881904510252074,0.9659258262890683,19.666666666666668,93.33333333333333,1.5666666666666667,19.666666666666668,93.33333333333333,0
35.73.05.1001,Tunggulwulung,2026-09-30 02:00:00,19.0,92.0,1.5,96.0,0.0,Udara Kabur,0.49999999999999994,0.8660254037844387,19.333333333333332,92.66666666666667,1.5333333333333334,19.333333333333332,92.66666666666667,0
35.73.05.1001,Tunggulwulung,2026-09-30 03:00:00,19.333333333333332,88.66666666666667,1.4333333333333333,90.66666666666667,0.0,Udara Kabur,0.7071067811865475,0.7071067811865476,19.0,92.0,1.5,19.222222222222218,91.11111111111113,0
35.73.05.1001,Tunggulwulung,2026-09-30 04:00:00,19.666666666666668,85.33333333333333,1.3666666666666667,85.33333333333333,0.0,Udara Kabur,0.8660254037844386,0.5000000000000001,19.333333333333332,88.66666666666667,1.4333333333333333,19.333333333333332,88.66666666666667,0
35.73.05.1001,Tunggulwulung,2026-09-30 05:00:00,20.0,82.0,1.3,80.0,0.0,Udara Kabur,0.9659258262890683,0.25881904510252074,19.666666666666668,85.33333333333333,1.3666666666666667,19.666666666666668,85.33333333333333,0
35.73.05.1001,Tunggulwulung,2026-09-30 06:00:00,22.0,74.66666666666667,1.3,63.66666666666667,0.09999999999999999,Udara Kabur,1.0,6.123233995736766e-17,20.0,82.0,1.3,20.555555555555557,80.66666666666667,1
35.73.05.1001,Tunggulwulung,2026-09-30 07:00:00,24.0,67.33333333333333,1.3,47.333333333333336,0.19999999999999998,Udara Kabur,0.9659258262890683,-0.25881904510252063,22.0,74.66666666666667,1.3,22.0,74.66666666666667,1
35.73.05.1001,Tunggulwulung,2026-09-30 08:00:00,26.0,60.0,1.3,31.0,0.3,Udara Kabur,0.8660254037844387,-0.4999999999999998,24.0,67.33333333333333,1.3,24.0,67.33333333333333,1
35.73.05.1001,Tunggulwulung,2026-09-30 09:00:00,26.666666666666668,58.0,2.9,47.0,0.3,Udara Kabur,0.7071067811865476,-0.7071067811865475,26.0,60.0,1.3,25.555555555555557,61.77777777777777,1
35.73.05.1001,Tunggulwulung,2026-09-30 10:00:00,27.333333333333332,56.0,4.5,63.0,0.3,Udara Kabur,0.49999999999999994,-0.8660254037844387,26.666666666666668,58.0,2.9,26.666666666666668,58.0,1
35.73.05.1001,Tunggulwulung,2026-09-30 11:00:00,28.0,54.0,6.1,79.0,0.3,Cerah Berawan,0.258819045102521,-0.9659258262890682,27.333333333333332,56.0,4.5,27.333333333333332,56.0,1
35.73.05.1001,Tunggulwulung,2026-09-30 12:00:00,27.0,60.666666666666664,6.1,75.0,0.5,Cerah Berawan,1.2246467991473532e-16,-1.0,28.0,54.0,6.1,27.444444444444443,56.888888888888886,1
35.73.05.1001,Tunggulwulung,2026-09-30 13:00:00,26.0,67.33333333333333,6.1,71.0,0.7000000000000001,Cerah Berawan,-0.2588190451025208,-0.9659258262890683,27.0,60.666666666666664,6.1,27.0,60.666666666666664,1
35.73.05.1001,Tunggulwulung,2026-09-30 14:00:00,25.0,74.0,6.1,67.0,0.9,Cerah Berawan,-0.4999999999999997,-0.8660254037844388,26.0,67.33333333333333,6.1,26.0,67.33333333333333,1
35.73.05.1001,Tunggulwulung,2026-09-30 15:00:00,24.0,80.66666666666667,5.233333333333333,68.66666666666667,0.9,Cerah Berawan,-0.7071067811865471,-0.7071067811865479,25.0,74.0,6.1,25.0,74.0,1
35.73.05.1001,Tunggulwulung,2026-09-30 16:00:00,23.0,87.33333333333333,4.366666666666666,70.33333333333333,0.9,Cerah Berawan,-0.8660254037844384,-0.5000000000000004,24.0,80.66666666666667,5.233333333333333,24.0,80.66666666666667,1
35.73.05.1001,Tunggulwulung,2026-09-30 17:00:00,22.0,94.0,3.5,72.0,0.9,Cerah Berawan,-0.9659258262890683,-0.25881904510252063,23.0,87.33333333333333,4.366666666666666,23.0,87.33333333333333,1
35.73.05.1001,Tunggulwulung,2026-09-30 18:00:00,21.666666666666668,95.0,3.5,70.0,0.6000000000000001,Cerah Berawan,-1.0,-1.8369701987210297e-16,22.0,94.0,3.5,22.222222222222225,92.1111111111111,1
35.73.05.1001,Tunggulwulung,2026-09-30 19:00:00,21.333333333333332,96.0,3.5,68.0,0.30000000000000004,Cerah Berawan,-0.9659258262890684,0.2588190451025203,21.666666666666668,95.0,3.5,21.666666666666668,95.0,1
35.73.05.1001,Tunggulwulung,2026-09-30 20:00:00,21.0,97.0,3.5,66.0,0.0,Cerah Berawan,-0.8660254037844386,0.5000000000000001,21.333333333333332,96.0,3.5,21.333333333333332,96.0,0
35.73.05.1001,Tunggulwulung,2026-09-30 21:00:00,20.666666666666668,97.0,3.1,55.333333333333336,0.0,Cerah Berawan,-0.7071067811865477,0.7071067811865474,21.0,97.0,3.5,21.0,96.66666666666667,0
35.73.05.1001,Tunggulwulung,2026-09-30 22:00:00,20.333333333333332,97.0,2.6999999999999997,44.66666666666667,0.0,Cerah Berawan,-0.5000000000000004,0.8660254037844384,20.666666666666668,97.0,3.1,20.666666666666668,97.0,0
35.73.05.1001,Tunggulwulung,2026-09-30 23:00:00,20.0,97.0,2.3,34.0,0.0,Udara Kabur,-0.25881904510252157,0.9659258262890681,20.333333333333332,97.0,2.6999999999999997,20.333333333333332,97.0,0
35.73.05.1002,Merjosari,2026-09-28 20:00:00,21.0,97.0,1.7,96.0,0.0,Kabut/Asap,-0.8660254037844386,0.5000000000000001,,,,,,0
35.73.05.1002,Merjosari,2026-09-28 21:00:00,20.666666666666668,96.0,2.033333333333333,90.0,0.0,Kabut/Asap,-0.7071067811865477,0.7071067811865474,21.0,97.0,1.7,,,0
35.73.05.1002,Merjosari,2026-09-28 22:00:00,20.333333333333332,95.0,2.3666666666666667,84.0,0.0,Kabut/Asap,-0.5000000000000004,0.8660254037844384,20.666666666666668,96.0,2.033333333333333,20.666666666666668,96.0,0
35.73.05.1002,Merjosari,2026-09-28 23:00:00,20.0,94.0,2.7,78.0,0.0,Kabut/Asap,-0.25881904510252157,0.9659258262890681,20.333333333333332,95.0,2.3666666666666667,20.333333333333332,95.0,0
35.73.05.1002,Merjosari,2026-09-29 00:00:00,19.666666666666668,93.0,2.666666666666667,63.0,0.0,Kabut/Asap,0.0,1.0,20.0,94.0,2.7,20.0,94.0,0
35.73.05.1002,Merjosari,2026-09-29 01:00:00,19.333333333333332,92.0,2.6333333333333333,48.0,0.0,Kabut/Asap,0.25881904510252074,0.9659258262890683,19.666666666666668,93.0,2.666666666666667,19.666666666666668,93.0,0
35.73.05.1002,Merjosari,2026-09-29 02:00:00,19.0,91.0,2.6,33.0,0.0,Udara Kabur,0.49999999999999994,0.8660254037844387,19.333333333333332,92.0,2.6333333333333333,19.333333333333332,92.0,0
35.73.05.1002,Merjosari,2026-09-29 03:00:00,19.333333333333332,88.66666666666667,2.3,24.0,0.0,Udara Kabur,0.7071067811865475,0.7071067811865476,19.0,91.0,2.6,19.222222222222218,90.55555555555556,0
35.73.05.1002,Merjosari,2026-09-29 04:00:00,19.666666666666668,86.33333333333333,2.0,15.0,0.0,Udara Kabur,0.8660254037844386,0.5000000000000001,19.333333333333332,88.66666666666667,2.3,19.333333333333332,88.66666666666667,0
35.73.05.1002,Merjosari,2026-09-29 05:00:00,20.0,84.0,1.7,6.0,0.0,Cerah,0.9659258262890683,0.25881904510252074,19.666666666666668,86.33333333333333,2.0,19.666666666666668,86.33333333333333,0
35.73.05.1002,Merjosari,2026-09-29 06:00:00,22.333333333333332,75.33333333333333,3.6,8.0,0.0,Cerah,1.0,6.123233995736766e-17,20.0,84.0,1.7,20.666666666666668,81.88888888888887,0
35.73.05.1002,Merjosari,2026-09-29 07:00:00,24.666666666666668,66.66666666666667,5.5,10.0,0.0,Cerah,0.9659258262890683,-0.25881904510252063,22.333333333333332,75.33333333333333,3.6,22.333333333333332,75.33333333333333,0
35.73.05.1002,Merjosari,2026-09-29 08:00:00,27.0,58.0,7.4,12.0,0.0,Cerah,0.8660254037844387,-0.4999999999999998,24.666666666666668,66.66666666666667,5.5,24.666666666666668,66.66666666666667,0
35.73.05.1002,Merjosari,2026-09-29 09:00:00,28.0,53.666666666666664,6.9,21.0,0.0,Cerah,0.7071067811865476,-0.7071067811865475,27.0,58.0,7.4,26.555555555555557,59.44444444444445,0
35.73.05.1002,Merjosari,2026-09-29 10:00:00,29.0,49.333333333333336,6.4,30.0,0.0,Cerah,0.49999999999999994,-0.8660254037844387,28.0,53.666666666666664,6.9,28.0,53.666666666666664,0
35.73.05.1002,Merjosari,2026-09-29 11:00:00,30.0,45.0,5.9,39.0,0.0,Cerah,0.258819045102521,-0.9659258262890682,29.0,49.333333333333336,6.4,29.0,49.333333333333336,0
35.73.05.1002,Merjosari,2026-09-29 12:00:00,29.333333333333332,45.0,6.166666666666667,42.333333333333336,0.0,Cerah,1.2246467991473532e-16,-1.0,30.0,45.0,5.9,29.444444444444443,46.44444444444445,0
35.73.05.1002,Merjosari,2026-09-29 13:00:00,28.666666666666668,45.0,6.433333333333334,45.666666666666664,0.0,Cerah,-0.2588190451025208,-0.9659258262890683,29.333333333333332,45.0,6.166666666666667,29.333333333333332,45.0,0
35.73.05.1002,Merjosari,2026-09-29 14:00:00,28.0,45.0,6.7,49.0,0.0,Cerah,-0.4999999999999997,-0.8660254037844388,28.666666666666668,45.0,6.433333333333334,28.666666666666668,45.0,0
35.73.05.1002,Merjosari,2026-09-29 15:00:00,26.333333333333332,56.0,6.0,45.333333333333336,0.0,Cerah,-0.7071067811865471,-0.7071067811865479,28.0,45.0,6.7,27.666666666666668,48.666666666666664,0
35.73.05.1002,Merjosari,2026-09-29 16:00:00,24.666666666666668,67.0,5.3,41.666666666666664,0.0,Cerah,-0.8660254037844384,-0.5000000000000004,26.333333333333332,56.0,6.0,26.333333333333332,56.0,0
35.73.05.1002,Merjosari,2026-09-29 17:00:00,23.0,78.0,4.6,38.0,0.0,Cerah,-0.9659258262890683,-0.25881904510252063,24.666666666666668,67.0,5.3,24.666666666666668,67.0,0
35.73.05.1002,Merjosari,2026-09-29 18:00:00,22.333333333333332,82.66666666666667,3.6999999999999997,32.666666666666664,0.0,Cerah,-1.0,-1.8369701987210297e-16,23.0,78.0,4.6,23.333333333333332,75.8888888888889,0
35.73.05.1002,Merjosari,2026-09-29 19:00:00,21.666666666666668,87.33333333333333,2.8,27.333333333333336,0.0,Cerah,-0.9659258262890684,0.2588190451025203,22.333333333333332,82.66666666666667,3.6999999999999997,22.333333333333332,82.66666666666667,0
35.73.05.1002,Merjosari,2026-09-29 20:00:00,21.0,92.0,1.9,22.0,0.0,Cerah,-0.8660254037844386,0.5000000000000001,21.666666666666668,87.33333333333333,2.8,21.666666666666668,87.33333333333333,0
35.73.05.1002,Merjosari,2026-09-29 21:00:00,20.666666666666668,92.66666666666667,1.8,30.0,0.0,Cerah,-0.7071067811865477,0.7071067811865474,21.0,92.0,1.9,21.111111111111114,90.66666666666667,0
35.73.05.1002,Merjosari,2026-09-29 22:00:00,20.333333333333332,93.33333333333333,1.7,38.0,0.0,Cerah,-0.5000000000000004,0.8660254037844384,20.666666666666668,92.66666666666667,1.8,20.666666666666668,92.66666666666667,0
35.73.05.1002,Merjosari,2026-09-29 23:00:00,20.0,94.0,1.6,46.0,0.0,Udara Kabur,-0.25881904510252157,0.9659258262890681,20.333333333333332,93.33333333333333,1.7,20.333333333333332,93.33333333333333,0
35.73.05.1002,Merjosari,2026-09-30 00:00:00,19.666666666666668,93.33333333333333,1.5333333333333334,62.33333333333333,0.0,Udara Kabur,0.0,1.0,20.0,94.0,1.6,20.0,93.55555555555554,0
35.73.05.1002,Merjosari,2026-09-30 01:00:00,19.333333333333332,92.66666666666667,1.4666666666666666,78.66666666666666,0.0,Udara Kabur,0.25881904510252074,0.9659258262890683,19.666666666666668,93.33333333333333,1.5333333333333334,19.666666666666668,93.33333333333333,0
35.73.05.1002,Merjosari,2026-09-30 02:00:00,19.0,92.0,1.4,95.0,0.0,Udara Kabur,0.49999999999999994,0.8660254037844387,19.333333333333332,92.66666666666667,1.4666666666666666,19.333333333333332,92.66666666666667,0
35.73.05.1002,Merjosari,2026-09-30 03:00:00,19.333333333333332,88.66666666666667,1.3,90.0,0.0,Udara Kabur,0.7071067811865475,0.7071067811865476,19.0,92.0,1.4,19.222222222222218,91.11111111111113,0
35.73.05.1002,Merjosari,2026-09-30 04:00:00,19.666666666666668,85.33333333333333,1.2,85.0,0.0,Udara Kabur,0.8660254037844386,0.5000000000000001,19.333333333333332,88.66666666666667,1.3,19.333333333333332,88.66666666666667,0
35.73.05.1002,Merjosari,2026-09-30 05:00:00,20.0,82.0,1.1,80.0,0.0,Cerah Berawan,0.9659258262890683,0.25881904510252074,19.666666666666668,85.33333333333333,1.2,19.666666666666668,85.33333333333333,0
35.73.05.1002,Merjosari,2026-09-30 06:00:00,22.0,75.33333333333333,1.1,62.66666666666667,0.09999999999999999,Cerah Berawan,1.0,6.123233995736766e-17,20.0,82.0,1.1,20.555555555555557,80.88888888888887,1
35.73.05.1002,Merjosari,2026-09-30 07:00:00,24.0,68.66666666666667,1.1,45.333333333333336,0.19999999999999998,Cerah Berawan,0.9659258262890683,-0.25881904510252063,22.0,75.33333333333333,1.1,22.0,75.33333333333333,1
35.73.05.1002,Merjosari,2026-09-30 08:00:00,26.0,62.0,1.1,28.0,0.3,Cerah,0.8660254037844387,-0.4999999999999998,24.0,68.66666666666667,1.1,24.0,68.66666666666667,1
35.73.05.1002,Merjosari,2026-09-30 09:00:00,26.666666666666668,59.0,2.066666666666667,46.0,0.3,Cerah,0.7071067811865476,-0.7071067811865475,26.0,62.0,1.1,25.555555555555557,63.22222222222223,1
35.73.05.1002,Merjosari,2026-09-30 10:00:00,27.333333333333332,56.0,3.033333333333333,64.0,0.3,Cerah,0.49999999999999994,-0.8660254037844387,26.666666666666668,59.0,2.066666666666667,26.666666666666668,59.0,1
35.73.05.1002,Merjosari,2026-09-30 11:00:00,28.0,53.0,4.0,82.0,0.3,Cerah Berawan,0.258819045102521,-0.9659258262890682,27.333333333333332,56.0,3.033333333333333,27.333333333333332,56.0,1
35.73.05.1002,Merjosari,2026-09-30 12:00:00,26.666666666666668,62.0,4.0,78.33333333333333,0.5666666666666667,Cerah Berawan,1.2246467991473532e-16,-1.0,28.0,53.0,4.0,27.333333333333332,57.0,1
35.73.05.1002,Merjosari,2026-09-30 13:00:00,25.333333333333332,71.0,4.0,74.66666666666667,0.8333333333333333,Cerah Berawan,-0.2588190451025208,-0.9659258262890683,26.666666666666668,62.0,4.0,26.666666666666668,62.0,1
35.73.05.1002,Merjosari,2026-09-30 14:00:00,24.0,80.0,4.0,71.0,1.1,Hujan Ringan,-0.4999999999999997,-0.8660254037844388,25.333333333333332,71.0,4.0,25.333333333333332,71.0,1
35.73.05.1002,Merjosari,2026-09-30 15:00:00,23.333333333333332,85.66666666666667,4.233333333333333,76.33333333333333,1.1,Hujan Ringan,-0.7071067811865471,-0.7071067811865479,24.0,80.0,4.0,24.222222222222218,78.8888888888889,1
35.73.05.1002,Merjosari,2026-09-30 16:00:00,22.666666666666668,91.33333333333333,4.466666666666667,81.66666666666667,1.1,Hujan Ringan,-0.8660254037844384,-0.5000000000000004,23.333333333333332,85.66666666666667,4.233333333333333,23.333333333333332,85.66666666666667,1
35.73.05.1002,Merjosari,2026-09-30 17:00:00,22.0,97.0,4.7,87.0,1.1,Hujan Ringan,-0.9659258262890683,-0.25881904510252063,22.666666666666668,91.33333333333333,4.466666666666667,22.666666666666668,91.33333333333333,1
35.73.05.1002,Merjosari,2026-09-30 18:00:00,21.666666666666668,97.33333333333333,4.7,78.66666666666667,0.7333333333333334,Hujan Ringan,-1.0,-1.8369701987210297e-16,22.0,97.0,4.7,22.111111111111114,95.22222222222221,1
35.73.05.1002,Merjosari,2026-09-30 19:00:00,21.333333333333332,97.66666666666667,4.7,70.33333333333333,0.3666666666666667,Hujan Ringan,-0.9659258262890684,0.2588190451025203,21.666666666666668,97.33333333333333,4.7,21.666666666666668,97.33333333333333,1
35.73.05.1002,Merjosari,2026-09-30 20:00:00,21.0,98.0,4.7,62.0,0.0,Cerah Berawan,-0.8660254037844386,0.5000000000000001,21.333333333333332,97.66666666666667,4.7,21.333333333333332,97.66666666666667,0
35.73.05.1002,Merjosari,2026-09-30 21:00:00,20.666666666666668,97.66666666666667,4.1,50.333333333333336,0.0,Cerah Berawan,-0.7071067811865477,0.7071067811865474,21.0,98.0,4.7,21.0,97.77777777777779,0
35.73.05.1002,Merjosari,2026-09-30 22:00:00,20.333333333333332,97.33333333333333,3.5,38.66666666666667,0.0,Cerah Berawan,-0.5000000000000004,0.8660254037844384,20.666666666666668,97.66666666666667,4.1,20.666666666666668,97.66666666666667,0
35.73.05.1002,Merjosari,2026-09-30 23:00:00,20.0,97.0,2.9,27.0,0.0,Udara Kabur,-0.25881904510252157,0.9659258262890681,20.333333333333332,97.33333333333333,3.5,20.333333333333332,97.33333333333333,0
35.73.05.1003,Tlogomas,2026-09-28 20:00:00,20.0,97.0,1.4,96.0,0.0,Kabut/Asap,-0.8660254037844386,0.5000000000000001,,,,,,0
35.73.05.1003,Tlogomas,2026-09-28 21:00:00,19.666666666666668,96.33333333333333,2.1333333333333333,90.66666666666667,0.0,Kabut/Asap,-0.7071067811865477,0.7071067811865474,20.0,97.0,1.4,,,0
35.73.05.1003,Tlogomas,2026-09-28 22:00:00,19.333333333333332,95.66666666666667,2.8666666666666667,85.33333333333333,0.0,Kabut/Asap,-0.5000000000000004,0.8660254037844384,19.666666666666668,96.33333333333333,2.1333333333333333,19.666666666666668,96.33333333333333,0
35.73.05.1003,Tlogomas,2026-09-28 23:00:00,19.0,95.0,3.6,80.0,0.0,Kabut/Asap,-0.25881904510252157,0.9659258262890681,19.333333333333332,95.66666666666667,2.8666666666666667,19.333333333333332,95.66666666666667,0
35.73.05.1003,Tlogomas,2026-09-29 00:00:00,19.0,94.0,3.2333333333333334,63.33333333333333,0.0,Kabut/Asap,0.0,1.0,19.0,95.0,3.6,19.11111111111111,94.8888888888889,0
35.73.05.1003,Tlogomas,2026-09-29 01:00:00,19.0,93.0,2.8666666666666667,46.666666666666664,0.0,Kabut/Asap,0.25881904510252074,0.9659258262890683,19.0,94.0,3.2333333333333334,19.0,94.0,0
35.73.05.1003,Tlogomas,2026-09-29 02:00:00,19.0,92.0,2.5,30.0,0.0,Udara Kabur,0.49999999999999994,0.8660254037844387,19.0,93.0,2.8666666666666667,19.0,93.0,0
35.73.05.1003,Tlogomas,2026-09-29 03:00:00,19.333333333333332,89.33333333333333,2.033333333333333,22.0,0.0,Udara Kabur,0.7071067811865475,0.7071067811865476,19.0,92.0,2.5,19.11111111111111,91.44444444444444,0
35.73.05.1003,Tlogomas,2026-09-29 04:00:00,19.666666666666668,86.66666666666667,1.5666666666666669,14.0,0.0,Udara Kabur,0.8660254037844386,0.5000000000000001,19.333333333333332,89.33333333333333,2.033333333333333,19.333333333333332,89.33333333333333,0
35.73.05.1003,Tlogomas,2026-09-29 05:00:00,20.0,84.0,1.1,6.0,0.0,Cerah,0.9659258262890683,0.25881904510252074,19.666666666666668,86.66666666666667,1.5666666666666669,19.666666666666668,86.66666666666667,0
35.73.05.1003,Tlogomas,2026-09-29 06:00:00,22.333333333333332,74.66666666666667,3.966666666666667,8.0,0.0,Cerah,1.0,6.123233995736766e-17,20.0,84.0,1.1,20.666666666666668,81.77777777777779,0
35.73.05.1003,Tlogomas,2026-09-29 07:00:00,24.666666666666668,65.33333333333333,6.833333333333334,10.0,0.0,Cerah,0.9659258262890683,-0.25881904510252063,22.333333333333332,74.66666666666667,3.966666666666667,22.333333333333332,74.66666666666667,0
35.73.05.1003,Tlogomas,2026-09-29 08:00:00,27.0,56.0,9.7,12.0,0.0,Cerah,0.8660254037844387,-0.4999999999999998,24.666666666666668,65.33333333333333,6.833333333333334,24.666666666666668,65.33333333333333,0
35.73.05.1003,Tlogomas,2026-09-29 09:00:00,27.666666666666668,52.0,9.666666666666666,22.0,0.0,Cerah,0.7071067811865476,-0.7071067811865475,27.0,56.0,9.7,26.444444444444446,57.77777777777777,0
35.73.05.1003,Tlogomas,2026-09-29 10:00:00,28.333333333333332,48.0,9.633333333333333,32.0,0.0,Cerah,0.49999999999999994,-0.8660254037844387,27.666666666666668,52.0,9.666666666666666,27.666666666666668,52.0,0
35.73.05.1003,Tlogomas,2026-09-29 11:00:00,29.0,44.0,9.6,42.0,0.0,Cerah,0.258819045102521,-0.9659258262890682,28.333333333333332,48.0,9.633333333333333,28.333333333333332,48.0,0
35.73.05.1003,Tlogomas,2026-09-29 12:00:00,28.666666666666668,44.0,8.733333333333333,44.0,0.0,Cerah,1.2246467991473532e-16,-1.0,29.0,44.0,9.6,28.666666666666668,45.333333333333336,0
35.73.05.1003,Tlogomas,2026-09-29 13:00:00,28.333333333333332,44.0,7.866666666666666,46.0,0.0,Cerah,-0.2588190451025208,-0.9659258262890683,28.666666666666668,44.0,8.733333333333333,28.666666666666668,44.0,0
35.73.05.1003,Tlogomas,2026-09-29 14:00:00,28.0,44.0,7.0,48.0,0.0,Cerah,-0.4999999999999997,-0.8660254037844388,28.333333333333332,44.0,7.866666666666666,28.333333333333332,44.0,0
35.73.05.1003,Tlogomas,2026-09-29 15:00:00,26.0,55.0,6.0,45.0,0.0,Cerah,-0.7071067811865471,-0.7071067811865479,28.0,44.0,7.0,27.444444444444443,47.666666666666664,0
35.73.05.1003,Tlogomas,2026-09-29 16:00:00,24.0,66.0,5.0,42.0,0.0,Cerah,-0.8660254037844384,-0.5000000000000004,26.0,55.0,6.0,26.0,55.0,0
35.73.05.1003,Tlogomas,2026-09-29 17:00:00,22.0,77.0,4.0,39.0,0.0,Cerah,-0.9659258262890683,-0.25881904510252063,24.0,66.0,5.0,24.0,66.0,0
35.73.05.1003,Tlogomas,2026-09-29 18:00:00,21.333333333333332,82.33333333333333,3.3333333333333335,34.0,0.0,Cerah,-1.0,-1.8369701987210297e-16,22.0,77.0,4.0,22.444444444444443,75.1111111111111,0
35.73.05.1003,Tlogomas,2026-09-29 19:00:00,20.666666666666668,87.66666666666667,2.666666666666667,29.0,0.0,Cerah,-0.9659258262890684,0.2588190451025203,21.333333333333332,82.33333333333333,3.3333333333333335,21.333333333333332,82.33333333333333,0
35.73.05.1003,Tlogomas,2026-09-29 20:00:00,20.0,93.0,2.0,24.0,0.0,Cerah,-0.8660254037844386,0.5000000000000001,20.666666666666668,87.66666666666667,2.666666666666667,20.666666666666668,87.66666666666667,0
35.73.05.1003,Tlogomas,2026-09-29 21:00:00,19.666666666666668,93.0,1.8666666666666667,32.333333333333336,0.0,Cerah,-0.7071067811865477,0.7071067811865474,20.0,93.0,2.0,20.111111111111114,91.22222222222223,0
35.73.05.1003,Tlogomas,2026-09-29 22:00:00,19.333333333333332,93.0,1.7333333333333334,40.66666666666667,0.0,Cerah,-0.5000000000000004,0.8660254037844384,19.666666666666668,93.0,1.8666666666666667,19.666666666666668,93.0,0
35.73.05.1003,Tlogomas,2026-09-29 23:00:00,19.0,93.0,1.6,49.0,0.0,Udara Kabur,-0.25881904510252157,0.9659258262890681,19.333333333333332,93.0,1.7333333333333334,19.333333333333332,93.0,0
35.73.05.1003,Tlogomas,2026-09-30 00:00:00,18.666666666666668,92.33333333333333,1.5666666666666667,64.66666666666667,0.0,Udara Kabur,0.0,1.0,19.0,93.0,1.6,19.0,92.77777777777777,0
35.73.05.1003,Tlogomas,2026-09-30 01:00:00,18.333333333333332,91.66666666666667,1.5333333333333334,80.33333333333333,0.0,Udara Kabur,0.25881904510252074,0.9659258262890683,18.666666666666668,92.33333333333333,1.5666666666666667,18.666666666666668,92.33333333333333,0
35.73.05.1003,Tlogomas,2026-09-30 02:00:00,18.0,91.0,1.5,96.0,0.0,Udara Kabur,0.49999999999999994,0.8660254037844387,18.333333333333332,91.66666666666667,1.5333333333333334,18.333333333333332,91.66666666666667,0
35.73.05.1003,Tlogomas,2026-09-30 03:00:00,18.666666666666668,87.33333333333333,1.4333333333333333,90.0,0.0,Udara Kabur,0.7071067811865475,0.7071067811865476,18.0,91.0,1.5,18.333333333333332,90.0,0
35.73.05.1003,Tlogomas,2026-09-30 04:00:00,19.333333333333332,83.66666666666667,1.3666666666666667,84.0,0.0,Udara Kabur,0.8660254037844386,0.5000000000000001,18.666666666666668,87.33333333333333,1.4333333333333333,18.666666666666668,87.33333333333333,0
35.73.05.1003,Tlogomas,2026-09-30 05:00:00,20.0,80.0,1.3,78.0,0.0,Udara Kabur,0.9659258262890683,0.25881904510252074,19.333333333333332,83.66666666666667,1.3666666666666667,19.333333333333332,83.66666666666667,0
35.73.05.1003,Tlogomas,2026-09-30 06:00:00,22.0,73.66666666666667,1.3,62.666666666666664,0.13333333333333333,Udara Kabur,1.0,6.123233995736766e-17,20.0,80.0,1.3,20.444444444444443,79.11111111111113,1
35.73.05.1003,Tlogomas,2026-09-30 07:00:00,24.0,67.33333333333333,1.3,47.33333333333333,0.26666666666666666,Udara Kabur,0.9659258262890683,-0.25881904510252063,22.0,73.66666666666667,1.3,22.0,73.66666666666667,1
35.73.05.1003,Tlogomas,2026-09-30 08:00:00,26.0,61.0,1.3,32.0,0.4,Udara Kabur,0.8660254037844387,-0.4999999999999998,24.0,67.33333333333333,1.3,24.0,67.33333333333333,1
35.73.05.1003,Tlogomas,2026-09-30 09:00:00,26.333333333333332,59.666666666666664,2.9,50.33333333333333,0.4,Udara Kabur,0.7071067811865476,-0.7071067811865475,26.0,61.0,1.3,25.444444444444443,62.66666666666666,1
35.73.05.1003,Tlogomas,2026-09-30 10:00:00,26.666666666666668,58.333333333333336,4.5,68.66666666666666,0.4,Udara Kabur,0.49999999999999994,-0.8660254037844387,26.333333333333332,59.666666666666664,2.9,26.333333333333332,59.666666666666664,1
35.73.05.1003,Tlogomas,2026-09-30 11:00:00,27.0,57.0,6.1,87.0,0.4,Udara Kabur,0.258819045102521,-0.9659258262890682,26.666666666666668,58.333333333333336,4.5,26.666666666666668,58.333333333333336,1
35.73.05.1003,Tlogomas,2026-09-30 12:00:00,26.0,64.66666666666667,6.1,81.66666666666667,0.6333333333333334,Udara Kabur,1.2246467991473532e-16,-1.0,27.0,57.0,6.1,26.555555555555557,60.0,1
35.73.05.1003,Tlogomas,2026-09-30 13:00:00,25.0,72.33333333333333,6.1,76.33333333333333,0.8666666666666667,Udara Kabur,-0.2588190451025208,-0.9659258262890683,26.0,64.66666666666667,6.1,26.0,64.66666666666667,1
35.73.05.1003,Tlogomas,2026-09-30 14:00:00,24.0,80.0,6.1,71.0,1.1,Hujan Ringan,-0.4999999999999997,-0.8660254037844388,25.0,72.33333333333333,6.1,25.0,72.33333333333333,1
35.73.05.1003,Tlogomas,2026-09-30 15:00:00,23.0,85.33333333333333,5.233333333333333,75.66666666666667,1.1,Hujan Ringan,-0.7071067811865471,-0.7071067811865479,24.0,80.0,6.1,24.0,79.22222222222221,1
35.73.05.1003,Tlogomas,2026-09-30 16:00:00,22.0,90.66666666666667,4.366666666666666,80.33333333333333,1.1,Hujan Ringan,-0.8660254037844384,-0.5000000000000004,23.0,85.33333333333333,5.233333333333333,23.0,85.33333333333333,1
35.73.05.1003,Tlogomas,2026-09-30 17:00:00,21.0,96.0,3.5,85.0,1.1,Hujan Ringan,-0.9659258262890683,-0.25881904510252063,22.0,90.66666666666667,4.366666666666666,22.0,90.66666666666667,1
35.73.05.1003,Tlogomas,2026-09-30 18:00:00,20.666666666666668,96.66666666666667,3.5,80.33333333333333,0.7333333333333334,Hujan Ringan,-1.0,-1.8369701987210297e-16,21.0,96.0,3.5,21.222222222222225,94.44444444444446,1
35.73.05.1003,Tlogomas,2026-09-30 19:00:00,20.333333333333332,97.33333333333333,3.5,75.66666666666667,0.3666666666666667,Hujan Ringan,-0.9659258262890684,0.2588190451025203,20.666666666666668,96.66666666666667,3.5,20.666666666666668,96.66666666666667,1
35.73.05.1003,Tlogomas,2026-09-30 20:00:00,20.0,98.0,3.5,71.0,0.0,Udara Kabur,-0.8660254037844386,0.5000000000000001,20.333333333333332,97.33333333333333,3.5,20.333333333333332,97.33333333333333,0
35.73.05.1003,Tlogomas,2026-09-30 21:00:00,20.0,97.66666666666667,3.1,55.666666666666664,0.0,Udara Kabur,-0.7071067811865477,0.7071067811865474,20.0,98.0,3.5,20.11111111111111,97.66666666666667,0
35.73.05.1003,Tlogomas,2026-09-30 22:00:00,20.0,97.33333333333333,2.6999999999999997,40.33333333333333,0.0,Udara Kabur,-0.5000000000000004,0.8660254037844384,20.0,97.66666666666667,3.1,20.0,97.66666666666667,0
35.73.05.1003,Tlogomas,2026-09-30 23:00:00,20.0,97.0,2.3,25.0,0.0,Udara Kabur,-0.25881904510252157,0.9659258262890681,20.0,97.33333333333333,2.6999999999999997,20.0,97.33333333333333,0
35.73.05.1004,Dinoyo,2026-09-28 20:00:00,21.0,97.0,1.7,96.0,0.0,Kabut/Asap,-0.8660254037844386,0.5000000000000001,,,,,,0
35.73.05.1004,Dinoyo,2026-09-28 21:00:00,20.666666666666668,96.0,2.033333333333333,90.0,0.0,Kabut/Asap,-0.7071067811865477,0.7071067811865474,21.0,97.0,1.7,,,0
35.73.05.1004,Dinoyo,2026-09-28 22:00:00,20.333333333333332,95.0,2.3666666666666667,84.0,0.0,Kabut/Asap,-0.5000000000000004,0.8660254037844384,20.666666666666668,96.0,2.033333333333333,20.666666666666668,96.0,0
35.73.05.1004,Dinoyo,2026-09-28 23:00:00,20.0,94.0,2.7,78.0,0.0,Kabut/Asap,-0.25881904510252157,0.9659258262890681,20.333333333333332,95.0,2.3666666666666667,20.333333333333332,95.0,0
35.73.05.1004,Dinoyo,2026-09-29 00:00:00,19.666666666666668,93.0,2.666666666666667,63.0,0.0,Kabut/Asap,0.0,1.0,20.0,94.0,2.7,20.0,94.0,0
35.73.05.1004,Dinoyo,2026-09-29 01:00:00,19.333333333333332,92.0,2.6333333333333333,48.0,0.0,Kabut/Asap,0.25881904510252074,0.9659258262890683,19.666666666666668,93.0,2.666666666666667,19.666666666666668,93.0,0
35.73.05.1004,Dinoyo,2026-09-29 02:00:00,19.0,91.0,2.6,33.0,0.0,Udara Kabur,0.49999999999999994,0.8660254037844387,19.333333333333332,92.0,2.6333333333333333,19.333333333333332,92.0,0
35.73.05.1004,Dinoyo,2026-09-29 03:00:00,19.333333333333332,88.66666666666667,2.3,24.0,0.0,Udara Kabur,0.7071067811865475,0.7071067811865476,19.0,91.0,2.6,19.222222222222218,90.55555555555556,0
35.73.05.1004,Dinoyo,2026-09-29 04:00:00,19.666666666666668,86.33333333333333,2.0,15.0,0.0,Udara Kabur,0.8660254037844386,0.5000000000000001,19.333333333333332,88.66666666666667,2.3,19.333333333333332,88.66666666666667,0
35.73.05.1004,Dinoyo,2026-09-29 05:00:00,20.0,84.0,1.7,6.0,0.0,Cerah,0.9659258262890683,0.25881904510252074,19.666666666666668,86.33333333333333,2.0,19.666666666666668,86.33333333333333,0
35.73.05.1004,Dinoyo,2026-09-29 06:00:00,22.333333333333332,75.33333333333333,3.6,8.0,0.0,Cerah,1.0,6.123233995736766e-17,20.0,84.0,1.7,20.666666666666668,81.88888888888887,0
35.73.05.1004,Dinoyo,2026-09-29 07:00:00,24.666666666666668,66.66666666666667,5.5,10.0,0.0,Cerah,0.9659258262890683,-0.25881904510252063,22.333333333333332,75.33333333333333,3.6,22.333333333333332,75.33333333333333,0
35.73.05.1004,Dinoyo,2026-09-29 08:00:00,27.0,58.0,7.4,12.0,0.0,Cerah,0.8660254037844387,-0.4999999999999998,24.666666666666668,66.66666666666667,5.5,24.666666666666668,66.66666666666667,0
35.73.05.1004,Dinoyo,2026-09-29 09:00:00,28.0,53.666666666666664,6.9,21.0,0.0,Cerah,0.7071067811865476,-0.7071067811865475,27.0,58.0,7.4,26.555555555555557,59.44444444444445,0
35.73.05.1004,Dinoyo,2026-09-29 10:00:00,29.0,49.333333333333336,6.4,30.0,0.0,Cerah,0.49999999999999994,-0.8660254037844387,28.0,53.666666666666664,6.9,28.0,53.666666666666664,0
35.73.05.1004,Dinoyo,2026-09-29 11:00:00,30.0,45.0,5.9,39.0,0.0,Cerah,0.258819045102521,-0.9659258262890682,29.0,49.333333333333336,6.4,29.0,49.333333333333336,0
35.73.05.1004,Dinoyo,2026-09-29 12:00:00,29.333333333333332,45.0,6.166666666666667,42.333333333333336,0.0,Cerah,1.2246467991473532e-16,-1.0,30.0,45.0,5.9,29.444444444444443,46.44444444444445,0
35.73.05.1004,Dinoyo,2026-09-29 13:00:00,28.666666666666668,45.0,6.433333333333334,45.666666666666664,0.0,Cerah,-0.2588190451025208,-0.9659258262890683,29.333333333333332,45.0,6.166666666666667,29.333333333333332,45.0,0
35.73.05.1004,Dinoyo,2026-09-29 14:00:00,28.0,45.0,6.7,49.0,0.0,Cerah,-0.4999999999999997,-0.8660254037844388,28.666666666666668,45.0,6.433333333333334,28.666666666666668,45.0,0
35.73.05.1004,Dinoyo,2026-09-29 15:00:00,26.333333333333332,56.0,6.0,45.333333333333336,0.0,Cerah,-0.7071067811865471,-0.7071067811865479,28.0,45.0,6.7,27.666666666666668,48.666666666666664,0
35.73.05.1004,Dinoyo,2026-09-29 16:00:00,24.666666666666668,67.0,5.3,41.666666666666664,0.0,Cerah,-0.8660254037844384,-0.5000000000000004,26.333333333333332,56.0,6.0,26.333333333333332,56.0,0
35.73.05.1004,Dinoyo,2026-09-29 17:00:00,23.0,78.0,4.6,38.0,0.0,Cerah,-0.9659258262890683,-0.25881904510252063,24.666666666666668,67.0,5.3,24.666666666666668,67.0,0
35.73.05.1004,Dinoyo,2026-09-29 18:00:00,22.333333333333332,82.66666666666667,3.6999999999999997,32.666666666666664,0.0,Cerah,-1.0,-1.8369701987210297e-16,23.0,78.0,4.6,23.333333333333332,75.8888888888889,0
35.73.05.1004,Dinoyo,2026-09-29 19:00:00,21.666666666666668,87.33333333333333,2.8,27.333333333333336,0.0,Cerah,-0.9659258262890684,0.2588190451025203,22.333333333333332,82.66666666666667,3.6999999999999997,22.333333333333332,82.66666666666667,0
35.73.05.1004,Dinoyo,2026-09-29 20:00:00,21.0,92.0,1.9,22.0,0.0,Cerah,-0.8660254037844386,0.5000000000000001,21.666666666666668,87.33333333333333,2.8,21.666666666666668,87.33333333333333,0
35.73.05.1004,Dinoyo,2026-09-29 21:00:00,20.666666666666668,92.66666666666667,1.8,30.0,0.0,Cerah,-0.7071067811865477,0.7071067811865474,21.0,92.0,1.9,21.111111111111114,90.66666666666667,0
35.73.05.1004,Dinoyo,2026-09-29 22:00:00,20.333333333333332,93.33333333333333,1.7,38.0,0.0,Cerah,-0.5000000000000004,0.8660254037844384,20.666666666666668,92.66666666666667,1.8,20.666666666666668,92.66666666666667,0
35.73.05.1004,Dinoyo,2026-09-29 23:00:00,20.0,94.0,1.6,46.0,0.0,Udara Kabur,-0.25881904510252157,0.9659258262890681,20.333333333333332,93.33333333333333,1.7,20.333333333333332,93.33333333333333,0
35.73.05.1004,Dinoyo,2026-09-30 00:00:00,19.666666666666668,93.33333333333333,1.5333333333333334,62.33333333333333,0.0,Udara Kabur,0.0,1.0,20.0,94.0,1.6,20.0,93.55555555555554,0
35.73.05.1004,Dinoyo,2026-09-30 01:00:00,19.333333333333332,92.66666666666667,1.4666666666666666,78.66666666666666,0.0,Udara Kabur,0.25881904510252074,0.9659258262890683,19.666666666666668,93.33333333333333,1.5333333333333334,19.666666666666668,93.33333333333333,0
35.73.05.1004,Dinoyo,2026-09-30 02:00:00,19.0,92.0,1.4,95.0,0.0,Udara Kabur,0.49999999999999994,0.8660254037844387,19.333333333333332,92.66666666666667,1.4666666666666666,19.333333333333332,92.66666666666667,0
35.73.05.1004,Dinoyo,2026-09-30 03:00:00,19.333333333333332,88.66666666666667,1.3,90.0,0.0,Udara Kabur,0.7071067811865475,0.7071067811865476,19.0,92.0,1.4,19.222222222222218,91.11111111111113,0
35.73.05.1004,Dinoyo,2026-09-30 04:00:00,19.666666666666668,85.33333333333333,1.2,85.0,0.0,Udara Kabur,0.8660254037844386,0.5000000000000001,19.333333333333332,88.66666666666667,1.3,19.333333333333332,88.66666666666667,0
35.73.05.1004,Dinoyo,2026-09-30 05:00:00,20.0,82.0,1.1,80.0,0.0,Cerah Berawan,0.9659258262890683,0.25881904510252074,19.666666666666668,85.33333333333333,1.2,19.666666666666668,85.33333333333333,0
35.73.05.1004,Dinoyo,2026-09-30 06:00:00,22.0,75.33333333333333,1.1,62.66666666666667,0.09999999999999999,Cerah Berawan,1.0,6.123233995736766e-17,20.0,82.0,1.1,20.555555555555557,80.88888888888887,1
35.73.05.1004,Dinoyo,2026-09-30 07:00:00,24.0,68.66666666666667,1.1,45.333333333333336,0.19999999999999998,Cerah Berawan,0.9659258262890683,-0.25881904510252063,22.0,75.33333333333333,1.1,22.0,75.33333333333333,1
35.73.05.1004,Dinoyo,2026-09-30 08:00:00,26.0,62.0,1.1,28.0,0.3,Cerah,0.8660254037844387,-0.4999999999999998,24.0,68.66666666666667,1.1,24.0,68.66666666666667,1
35.73.05.1004,Dinoyo,2026-09-30 09:00:00,26.666666666666668,59.0,2.066666666666667,46.0,0.3,Cerah,0.7071067811865476,-0.7071067811865475,26.0,62.0,1.1,25.555555555555557,63.22222222222223,1
35.73.05.1004,Dinoyo,2026-09-30 10:00:00,27.333333333333332,56.0,3.033333333333333,64.0,0.3,Cerah,0.49999999999999994,-0.8660254037844387,26.666666666666668,59.0,2.066666666666667,26.666666666666668,59.0,1
35.73.05.1004,Dinoyo,2026-09-30 11:00:00,28.0,53.0,4.0,82.0,0.3,Cerah Berawan,0.258819045102521,-0.9659258262890682,27.333333333333332,56.0,3.033333333333333,27.333333333333332,56.0,1
35.73.05.1004,Dinoyo,2026-09-30 12:00:00,26.666666666666668,62.0,4.0,78.33333333333333,0.5666666666666667,Cerah Berawan,1.2246467991473532e-16,-1.0,28.0,53.0,4.0,27.333333333333332,57.0,1
35.73.05.1004,Dinoyo,2026-09-30 13:00:00,25.333333333333332,71.0,4.0,74.66666666666667,0.8333333333333333,Cerah Berawan,-0.2588190451025208,-0.9659258262890683,26.666666666666668,62.0,4.0,26.666666666666668,62.0,1
35.73.05.1004,Dinoyo,2026-09-30 14:00:00,24.0,80.0,4.0,71.0,1.1,Hujan Ringan,-0.4999999999999997,-0.8660254037844388,25.333333333333332,71.0,4.0,25.333333333333332,71.0,1
35.73.05.1004,Dinoyo,2026-09-30 15:00:00,23.333333333333332,85.66666666666667,4.233333333333333,76.33333333333333,1.1,Hujan Ringan,-0.7071067811865471,-0.7071067811865479,24.0,80.0,4.0,24.222222222222218,78.8888888888889,1
35.73.05.1004,Dinoyo,2026-09-30 16:00:00,22.666666666666668,91.33333333333333,4.466666666666667,81.66666666666667,1.1,Hujan Ringan,-0.8660254037844384,-0.5000000000000004,23.333333333333332,85.66666666666667,4.233333333333333,23.333333333333332,85.66666666666667,1
35.73.05.1004,Dinoyo,2026-09-30 17:00:00,22.0,97.0,4.7,87.0,1.1,Hujan Ringan,-0.9659258262890683,-0.25881904510252063,22.666666666666668,91.33333333333333,4.466666666666667,22.666666666666668,91.33333333333333,1
35.73.05.1004,Dinoyo,2026-09-30 18:00:00,21.666666666666668,97.33333333333333,4.7,78.66666666666667,0.7333333333333334,Hujan Ringan,-1.0,-1.8369701987210297e-16,22.0,97.0,4.7,22.111111111111114,95.22222222222221,1
35.73.05.1004,Dinoyo,2026-09-30 19:00:00,21.333333333333332,97.66666666666667,4.7,70.33333333333333,0.3666666666666667,Hujan Ringan,-0.9659258262890684,0.2588190451025203,21.666666666666668,97.33333333333333,4.7,21.666666666666668,97.33333333333333,1
35.73.05.1004,Dinoyo,2026-09-30 20:00:00,21.0,98.0,4.7,62.0,0.0,Cerah Berawan,-0.8660254037844386,0.5000000000000001,21.333333333333332,97.66666666666667,4.7,21.333333333333332,97.66666666666667,0
35.73.05.1004,Dinoyo,2026-09-30 21:00:00,20.666666666666668,97.66666666666667,4.1,50.333333333333336,0.0,Cerah Berawan,-0.7071067811865477,0.7071067811865474,21.0,98.0,4.7,21.0,97.77777777777779,0
35.73.05.1004,Dinoyo,2026-09-30 22:00:00,20.333333333333332,97.33333333333333,3.5,38.66666666666667,0.0,Cerah Berawan,-0.5000000000000004,0.8660254037844384,20.666666666666668,97.66666666666667,4.1,20.666666666666668,97.66666666666667,0
35.73.05.1004,Dinoyo,2026-09-30 23:00:00,20.0,97.0,2.9,27.0,0.0,Udara Kabur,-0.25881904510252157,0.9659258262890681,20.333333333333332,97.33333333333333,3.5,20.333333333333332,97.33333333333333,0
35.73.05.1005,Sumbersari,2026-09-28 20:00:00,21.0,95.0,1.7,95.0,0.0,Udara Kabur,-0.8660254037844386,0.5000000000000001,,,,,,0
35.73.05.1005,Sumbersari,2026-09-28 21:00:00,20.666666666666668,94.66666666666667,2.033333333333333,89.0,0.0,Udara Kabur,-0.7071067811865477,0.7071067811865474,21.0,95.0,1.7,,,0
35.73.05.1005,Sumbersari,2026-09-28 22:00:00,20.333333333333332,94.33333333333333,2.3666666666666667,83.0,0.0,Udara Kabur,-0.5000000000000004,0.8660254037844384,20.666666666666668,94.66666666666667,2.033333333333333,20.666666666666668,94.66666666666667,0
35.73.05.1005,Sumbersari,2026-09-28 23:00:00,20.0,94.0,2.7,77.0,0.0,Udara Kabur,-0.25881904510252157,0.9659258262890681,20.333333333333332,94.33333333333333,2.3666666666666667,20.333333333333332,94.33333333333333,0
35.73.05.1005,Sumbersari,2026-09-29 00:00:00,20.0,92.33333333333333,2.666666666666667,62.333333333333336,0.0,Udara Kabur,0.0,1.0,20.0,94.0,2.7,20.11111111111111,93.55555555555554,0
35.73.05.1005,Sumbersari,2026-09-29 01:00:00,20.0,90.66666666666667,2.6333333333333333,47.66666666666667,0.0,Udara Kabur,0.25881904510252074,0.9659258262890683,20.0,92.33333333333333,2.666666666666667,20.0,92.33333333333333,0
35.73.05.1005,Sumbersari,2026-09-29 02:00:00,20.0,89.0,2.6,33.0,0.0,Udara Kabur,0.49999999999999994,0.8660254037844387,20.0,90.66666666666667,2.6333333333333333,20.0,90.66666666666667,0
35.73.05.1005,Sumbersari,2026-09-29 03:00:00,20.333333333333332,86.66666666666667,2.3,24.666666666666664,0.0,Udara Kabur,0.7071067811865475,0.7071067811865476,20.0,89.0,2.6,20.11111111111111,88.77777777777779,0
35.73.05.1005,Sumbersari,2026-09-29 04:00:00,20.666666666666668,84.33333333333333,2.0,16.333333333333332,0.0,Udara Kabur,0.8660254037844386,0.5000000000000001,20.333333333333332,86.66666666666667,2.3,20.333333333333332,86.66666666666667,0
35.73.05.1005,Sumbersari,2026-09-29 05:00:00,21.0,82.0,1.7,8.0,0.0,Cerah,0.9659258262890683,0.25881904510252074,20.666666666666668,84.33333333333333,2.0,20.666666666666668,84.33333333333333,0
35.73.05.1005,Sumbersari,2026-09-29 06:00:00,23.0,73.66666666666667,3.6,9.333333333333334,0.0,Cerah,1.0,6.123233995736766e-17,21.0,82.0,1.7,21.555555555555557,80.0,0
35.73.05.1005,Sumbersari,2026-09-29 07:00:00,25.0,65.33333333333333,5.5,10.666666666666666,0.0,Cerah,0.9659258262890683,-0.25881904510252063,23.0,73.66666666666667,3.6,23.0,73.66666666666667,0
35.73.05.1005,Sumbersari,2026-09-29 08:00:00,27.0,57.0,7.4,12.0,0.0,Cerah,0.8660254037844387,-0.4999999999999998,25.0,65.33333333333333,5.5,25.0,65.33333333333333,0
35.73.05.1005,Sumbersari,2026-09-29 09:00:00,28.0,52.666666666666664,6.9,19.0,0.0,Cerah,0.7071067811865476,-0.7071067811865475,27.0,57.0,7.4,26.666666666666668,58.333333333333336,0
35.73.05.1005,Sumbersari,2026-09-29 10:00:00,29.0,48.333333333333336,6.4,26.0,0.0,Cerah,0.49999999999999994,-0.8660254037844387,28.0,52.666666666666664,6.9,28.0,52.666666666666664,0
35.73.05.1005,Sumbersari,2026-09-29 11:00:00,30.0,44.0,5.9,33.0,0.0,Cerah,0.258819045102521,-0.9659258262890682,29.0,48.333333333333336,6.4,29.0,48.333333333333336,0
35.73.05.1005,Sumbersari,2026-09-29 12:00:00,29.666666666666668,44.0,6.166666666666667,37.0,0.0,Cerah,1.2246467991473532e-16,-1.0,30.0,44.0,5.9,29.555555555555557,45.44444444444445,0
35.73.05.1005,Sumbersari,2026-09-29 13:00:00,29.333333333333332,44.0,6.433333333333334,41.0,0.0,Cerah,-0.2588190451025208,-0.9659258262890683,29.666666666666668,44.0,6.166666666666667,29.666666666666668,44.0,0
35.73.05.1005,Sumbersari,2026-09-29 14:00:00,29.0,44.0,6.7,45.0,0.0,Cerah,-0.4999999999999997,-0.8660254037844388,29.333333333333332,44.0,6.433333333333334,29.333333333333332,44.0,0
35.73.05.1005,Sumbersari,2026-09-29 15:00:00,27.0,54.666666666666664,6.0,42.333333333333336,0.0,Cerah,-0.7071067811865471,-0.7071067811865479,29.0,44.0,6.7,28.444444444444443,47.55555555555555,0
35.73.05.1005,Sumbersari,2026-09-29 16:00:00,25.0,65.33333333333333,5.3,39.666666666666664,0.0,Cerah,-0.8660254037844384,-0.5000000000000004,27.0,54.666666666666664,6.0,27.0,54.666666666666664,0
35.73.05.1005,Sumbersari,2026-09-29 17:00:00,23.0,76.0,4.6,37.0,0.0,Cerah,-0.9659258262890683,-0.25881904510252063,25.0,65.33333333333333,5.3,25.0,65.33333333333333,0
35.73.05.1005,Sumbersari,2026-09-29 18:00:00,22.333333333333332,81.0,3.6999999999999997,31.666666666666668,0.0,Cerah,-1.0,-1.8369701987210297e-16,23.0,76.0,4.6,23.444444444444443,74.11111111111111,0
35.73.05.1005,Sumbersari,2026-09-29 19:00:00,21.666666666666668,86.0,2.8,26.333333333333336,0.0,Cerah,-0.9659258262890684,0.2588190451025203,22.333333333333332,81.0,3.6999999999999997,22.333333333333332,81.0,0
35.73.05.1005,Sumbersari,2026-09-29 20:00:00,21.0,91.0,1.9,21.0,0.0,Cerah,-0.8660254037844386,0.5000000000000001,21.666666666666668,86.0,2.8,21.666666666666668,86.0,0
35.73.05.1005,Sumbersari,2026-09-29 21:00:00,20.666666666666668,92.0,1.8,28.0,0.0,Cerah,-0.7071067811865477,0.7071067811865474,21.0,91.0,1.9,21.111111111111114,89.66666666666667,0
35.73.05.1005,Sumbersari,2026-09-29 22:00:00,20.333333333333332,93.0,1.7,35.0,0.0,Cerah,-0.5000000000000004,0.8660254037844384,20.666666666666668,92.0,1.8,20.666666666666668,92.0,0
35.73.05.1005,Sumbersari,2026-09-29 23:00:00,20.0,94.0,1.6,42.0,0.0,Udara Kabur,-0.25881904510252157,0.9659258262890681,20.333333333333332,93.0,1.7,20.333333333333332,93.0,0
35.73.05.1005,Sumbersari,2026-09-30 00:00:00,19.666666666666668,93.33333333333333,1.5333333333333334,59.66666666666667,0.0,Udara Kabur,0.0,1.0,20.0,94.0,1.6,20.0,93.44444444444444,0
35.73.05.1005,Sumbersari,2026-09-30 01:00:00,19.333333333333332,92.66666666666667,1.4666666666666666,77.33333333333334,0.0,Udara Kabur,0.25881904510252074,0.9659258262890683,19.666666666666668,93.33333333333333,1.5333333333333334,19.666666666666668,93.33333333333333,0
35.73.05.1005,Sumbersari,2026-09-30 02:00:00,19.0,92.0,1.4,95.0,0.0,Udara Kabur,0.49999999999999994,0.8660254037844387,19.333333333333332,92.66666666666667,1.4666666666666666,19.333333333333332,92.66666666666667,0
35.73.05.1005,Sumbersari,2026-09-30 03:00:00,19.333333333333332,89.0,1.3,90.33333333333333,0.0,Udara Kabur,0.7071067811865475,0.7071067811865476,19.0,92.0,1.4,19.222222222222218,91.22222222222223,0
35.73.05.1005,Sumbersari,2026-09-30 04:00:00,19.666666666666668,86.0,1.2,85.66666666666667,0.0,Udara Kabur,0.8660254037844386,0.5000000000000001,19.333333333333332,89.0,1.3,19.333333333333332,89.0,0
35.73.05.1005,Sumbersari,2026-09-30 05:00:00,20.0,83.0,1.1,81.0,0.0,Cerah Berawan,0.9659258262890683,0.25881904510252074,19.666666666666668,86.0,1.2,19.666666666666668,86.0,0
35.73.05.1005,Sumbersari,2026-09-30 06:00:00,22.0,75.66666666666667,1.1,63.0,0.06666666666666667,Cerah Berawan,1.0,6.123233995736766e-17,20.0,83.0,1.1,20.555555555555557,81.55555555555556,1
35.73.05.1005,Sumbersari,2026-09-30 07:00:00,24.0,68.33333333333333,1.1,45.0,0.13333333333333333,Cerah Berawan,0.9659258262890683,-0.25881904510252063,22.0,75.66666666666667,1.1,22.0,75.66666666666667,1
35.73.05.1005,Sumbersari,2026-09-30 08:00:00,26.0,61.0,1.1,27.0,0.2,Cerah,0.8660254037844387,-0.4999999999999998,24.0,68.33333333333333,1.1,24.0,68.33333333333333,1
35.73.05.1005,Sumbersari,2026-09-30 09:00:00,27.0,57.666666666666664,2.066666666666667,43.0,0.2,Cerah,0.7071067811865476,-0.7071067811865475,26.0,61.0,1.1,25.666666666666668,62.33333333333332,1
35.73.05.1005,Sumbersari,2026-09-30 10:00:00,28.0,54.333333333333336,3.033333333333333,59.0,0.2,Cerah,0.49999999999999994,-0.8660254037844387,27.0,57.666666666666664,2.066666666666667,27.0,57.666666666666664,1
35.73.05.1005,Sumbersari,2026-09-30 11:00:00,29.0,51.0,4.0,75.0,0.2,Cerah Berawan,0.258819045102521,-0.9659258262890682,28.0,54.333333333333336,3.033333333333333,28.0,54.333333333333336,1
35.73.05.1005,Sumbersari,2026-09-30 12:00:00,27.666666666666668,59.0,4.0,72.0,0.43333333333333335,Cerah Berawan,1.2246467991473532e-16,-1.0,29.0,51.0,4.0,28.222222222222225,54.77777777777778,1
35.73.05.1005,Sumbersari,2026-09-30 13:00:00,26.333333333333332,67.0,4.0,69.0,0.6666666666666666,Cerah Berawan,-0.2588190451025208,-0.9659258262890683,27.666666666666668,59.0,4.0,27.666666666666668,59.0,1
35.73.05.1005,Sumbersari,2026-09-30 14:00:00,25.0,75.0,4.0,66.0,0.9,Cerah Berawan,-0.4999999999999997,-0.8660254037844388,26.333333333333332,67.0,4.0,26.333333333333332,67.0,1
35.73.05.1005,Sumbersari,2026-09-30 15:00:00,24.0,81.33333333333333,4.233333333333333,68.66666666666667,0.9,Cerah Berawan,-0.7071067811865471,-0.7071067811865479,25.0,75.0,4.0,25.11111111111111,74.44444444444444,1
35.73.05.1005,Sumbersari,2026-09-30 16:00:00,23.0,87.66666666666667,4.466666666666667,71.33333333333333,0.9,Cerah Berawan,-0.8660254037844384,-0.5000000000000004,24.0,81.33333333333333,4.233333333333333,24.0,81.33333333333333,1
35.73.05.1005,Sumbersari,2026-09-30 17:00:00,22.0,94.0,4.7,74.0,0.9,Cerah Berawan,-0.9659258262890683,-0.25881904510252063,23.0,87.66666666666667,4.466666666666667,23.0,87.66666666666667,1
35.73.05.1005,Sumbersari,2026-09-30 18:00:00,21.666666666666668,95.0,4.7,69.0,0.6000000000000001,Cerah Berawan,-1.0,-1.8369701987210297e-16,22.0,94.0,4.7,22.222222222222225,92.22222222222223,1
35.73.05.1005,Sumbersari,2026-09-30 19:00:00,21.333333333333332,96.0,4.7,64.0,0.30000000000000004,Cerah Berawan,-0.9659258262890684,0.2588190451025203,21.666666666666668,95.0,4.7,21.666666666666668,95.0,1
35.73.05.1005,Sumbersari,2026-09-30 20:00:00,21.0,97.0,4.7,59.0,0.0,Cerah,-0.8660254037844386,0.5000000000000001,21.333333333333332,96.0,4.7,21.333333333333332,96.0,0
35.73.05.1005,Sumbersari,2026-09-30 21:00:00,21.0,97.0,4.1,51.0,0.0,Cerah,-0.7071067811865477,0.7071067811865474,21.0,97.0,4.7,21.11111111111111,96.66666666666667,0
35.73.05.1005,Sumbersari,2026-09-30 22:00:00,21.0,97.0,3.5,43.0,0.0,Cerah,-0.5000000000000004,0.8660254037844384,21.0,97.0,4.1,21.0,97.0,0
35.73.05.1005,Sumbersari,2026-09-30 23:00:00,21.0,97.0,2.9,35.0,0.0,Udara Kabur,-0.25881904510252157,0.9659258262890681,21.0,97.0,3.5,21.0,97.0,0
35.73.05.1006,Ketawanggede,2026-09-28 20:00:00,21.0,95.0,1.7,95.0,0.0,Udara Kabur,-0.8660254037844386,0.5000000000000001,,,,,,0
35.73.05.1006,Ketawanggede,2026-09-28 21:00:00,20.666666666666668,94.66666666666667,2.033333333333333,89.0,0.0,Udara Kabur,-0.7071067811865477,0.7071067811865474,21.0,95.0,1.7,,,0
35.73.05.1006,Ketawanggede,2026-09-28 22:00:00,20.333333333333332,94.33333333333333,2.3666666666666667,83.0,0.0,Udara Kabur,-0.5000000000000004,0.8660254037844384,20.666666666666668,94.66666666666667,2.033333333333333,20.666666666666668,94.66666666666667,0
35.73.05.1006,Ketawanggede,2026-09-28 23:00:00,20.0,94.0,2.7,77.0,0.0,Udara Kabur,-0.25881904510252157,0.9659258262890681,20.333333333333332,94.33333333333333,2.3666666666666667,20.333333333333332,94.33333333333333,0
35.73.05.1006,Ketawanggede,2026-09-29 00:00:00,20.0,92.33333333333333,2.666666666666667,62.333333333333336,0.0,Udara Kabur,0.0,1.0,20.0,94.0,2.7,20.11111111111111,93.55555555555554,0
35.73.05.1006,Ketawanggede,2026-09-29 01:00:00,20.0,90.66666666666667,2.6333333333333333,47.66666666666667,0.0,Udara Kabur,0.25881904510252074,0.9659258262890683,20.0,92.33333333333333,2.666666666666667,20.0,92.33333333333333,0
35.73.05.1006,Ketawanggede,2026-09-29 02:00:00,20.0,89.0,2.6,33.0,0.0,Udara Kabur,0.49999999999999994,0.8660254037844387,20.0,90.66666666666667,2.6333333333333333,20.0,90.66666666666667,0
35.73.05.1006,Ketawanggede,2026-09-29 03:00:00,20.333333333333332,86.66666666666667,2.3,24.666666666666664,0.0,Udara Kabur,0.7071067811865475,0.7071067811865476,20.0,89.0,2.6,20.11111111111111,88.77777777777779,0
35.73.05.1006,Ketawanggede,2026-09-29 04:00:00,20.666666666666668,84.33333333333333,2.0,16.333333333333332,0.0,Udara Kabur,0.8660254037844386,0.5000000000000001,20.333333333333332,86.66666666666667,2.3,20.333333333333332,86.66666666666667,0
35.73.05.1006,Ketawanggede,2026-09-29 05:00:00,21.0,82.0,1.7,8.0,0.0,Cerah,0.9659258262890683,0.25881904510252074,20.666666666666668,84.33333333333333,2.0,20.666666666666668,84.33333333333333,0
35.73.05.1006,Ketawanggede,2026-09-29 06:00:00,23.0,73.66666666666667,3.6,9.333333333333334,0.0,Cerah,1.0,6.123233995736766e-17,21.0,82.0,1.7,21.555555555555557,80.0,0
35.73.05.1006,Ketawanggede,2026-09-29 07:00:00,25.0,65.33333333333333,5.5,10.666666666666666,0.0,Cerah,0.9659258262890683,-0.25881904510252063,23.0,73.66666666666667,3.6,23.0,73.66666666666667,0
35.73.05.1006,Ketawanggede,2026-09-29 08:00:00,27.0,57.0,7.4,12.0,0.0,Cerah,0.8660254037844387,-0.4999999999999998,25.0,65.33333333333333,5.5,25.0,65.33333333333333,0
35.73.05.1006,Ketawanggede,2026-09-29 09:00:00,28.0,52.666666666666664,6.9,19.0,0.0,Cerah,0.7071067811865476,-0.7071067811865475,27.0,57.0,7.4,26.666666666666668,58.333333333333336,0
35.73.05.1006,Ketawanggede,2026-09-29 10:00:00,29.0,48.333333333333336,6.4,26.0,0.0,Cerah,0.49999999999999994,-0.8660254037844387,28.0,52.666666666666664,6.9,28.0,52.666666666666664,0
35.73.05.1006,Ketawanggede,2026-09-29 11:00:00,30.0,44.0,5.9,33.0,0.0,Cerah,0.258819045102521,-0.9659258262890682,29.0,48.333333333333336,6.4,29.0,48.333333333333336,0
35.73.05.1006,Ketawanggede,2026-09-29 12:00:00,29.666666666666668,44.0,6.166666666666667,37.0,0.0,Cerah,1.2246467991473532e-16,-1.0,30.0,44.0,5.9,29.555555555555557,45.44444444444445,0
35.73.05.1006,Ketawanggede,2026-09-29 13:00:00,29.333333333333332,44.0,6.433333333333334,41.0,0.0,Cerah,-0.2588190451025208,-0.9659258262890683,29.666666666666668,44.0,6.166666666666667,29.666666666666668,44.0,0
35.73.05.1006,Ketawanggede,2026-09-29 14:00:00,29.0,44.0,6.7,45.0,0.0,Cerah,-0.4999999999999997,-0.8660254037844388,29.333333333333332,44.0,6.433333333333334,29.333333333333332,44.0,0
35.73.05.1006,Ketawanggede,2026-09-29 15:00:00,27.0,54.666666666666664,6.0,42.333333333333336,0.0,Cerah,-0.7071067811865471,-0.7071067811865479,29.0,44.0,6.7,28.444444444444443,47.55555555555555,0
35.73.05.1006,Ketawanggede,2026-09-29 16:00:00,25.0,65.33333333333333,5.3,39.666666666666664,0.0,Cerah,-0.8660254037844384,-0.5000000000000004,27.0,54.666666666666664,6.0,27.0,54.666666666666664,0
35.73.05.1006,Ketawanggede,2026-09-29 17:00:00,23.0,76.0,4.6,37.0,0.0,Cerah,-0.9659258262890683,-0.25881904510252063,25.0,65.33333333333333,5.3,25.0,65.33333333333333,0
35.73.05.1006,Ketawanggede,2026-09-29 18:00:00,22.333333333333332,81.0,3.6999999999999997,31.666666666666668,0.0,Cerah,-1.0,-1.8369701987210297e-16,23.0,76.0,4.6,23.444444444444443,74.11111111111111,0
35.73.05.1006,Ketawanggede,2026-09-29 19:00:00,21.666666666666668,86.0,2.8,26.333333333333336,0.0,Cerah,-0.9659258262890684,0.2588190451025203,22.333333333333332,81.0,3.6999999999999997,22.333333333333332,81.0,0
35.73.05.1006,Ketawanggede,2026-09-29 20:00:00,21.0,91.0,1.9,21.0,0.0,Cerah,-0.8660254037844386,0.5000000000000001,21.666666666666668,86.0,2.8,21.666666666666668,86.0,0
35.73.05.1006,Ketawanggede,2026-09-29 21:00:00,20.666666666666668,92.0,1.8,28.0,0.0,Cerah,-0.7071067811865477,0.7071067811865474,21.0,91.0,1.9,21.111111111111114,89.66666666666667,0
35.73.05.1006,Ketawanggede,2026-09-29 22:00:00,20.333333333333332,93.0,1.7,35.0,0.0,Cerah,-0.5000000000000004,0.8660254037844384,20.666666666666668,92.0,1.8,20.666666666666668,92.0,0
35.73.05.1006,Ketawanggede,2026-09-29 23:00:00,20.0,94.0,1.6,42.0,0.0,Udara Kabur,-0.25881904510252157,0.9659258262890681,20.333333333333332,93.0,1.7,20.333333333333332,93.0,0
35.73.05.1006,Ketawanggede,2026-09-30 00:00:00,19.666666666666668,93.33333333333333,1.5333333333333334,59.66666666666667,0.0,Udara Kabur,0.0,1.0,20.0,94.0,1.6,20.0,93.44444444444444,0
35.73.05.1006,Ketawanggede,2026-09-30 01:00:00,19.333333333333332,92.66666666666667,1.4666666666666666,77.33333333333334,0.0,Udara Kabur,0.25881904510252074,0.9659258262890683,19.666666666666668,93.33333333333333,1.5333333333333334,19.666666666666668,93.33333333333333,0
35.73.05.1006,Ketawanggede,2026-09-30 02:00:00,19.0,92.0,1.4,95.0,0.0,Udara Kabur,0.49999999999999994,0.8660254037844387,19.333333333333332,92.66666666666667,1.4666666666666666,19.333333333333332,92.66666666666667,0
35.73.05.1006,Ketawanggede,2026-09-30 03:00:00,19.333333333333332,89.0,1.3,90.33333333333333,0.0,Udara Kabur,0.7071067811865475,0.7071067811865476,19.0,92.0,1.4,19.222222222222218,91.22222222222223,0
35.73.05.1006,Ketawanggede,2026-09-30 04:00:00,19.666666666666668,86.0,1.2,85.66666666666667,0.0,Udara Kabur,0.8660254037844386,0.5000000000000001,19.333333333333332,89.0,1.3,19.333333333333332,89.0,0
35.73.05.1006,Ketawanggede,2026-09-30 05:00:00,20.0,83.0,1.1,81.0,0.0,Cerah Berawan,0.9659258262890683,0.25881904510252074,19.666666666666668,86.0,1.2,19.666666666666668,86.0,0
35.73.05.1006,Ketawanggede,2026-09-30 06:00:00,22.0,75.66666666666667,1.1,63.0,0.06666666666666667,Cerah Berawan,1.0,6.123233995736766e-17,20.0,83.0,1.1,20.555555555555557,81.55555555555556,1
35.73.05.1006,Ketawanggede,2026-09-30 07:00:00,24.0,68.33333333333333,1.1,45.0,0.13333333333333333,Cerah Berawan,0.9659258262890683,-0.25881904510252063,22.0,75.66666666666667,1.1,22.0,75.66666666666667,1
35.73.05.1006,Ketawanggede,2026-09-30 08:00:00,26.0,61.0,1.1,27.0,0.2,Cerah,0.8660254037844387,-0.4999999999999998,24.0,68.33333333333333,1.1,24.0,68.33333333333333,1
35.73.05.1006,Ketawanggede,2026-09-30 09:00:00,27.0,57.666666666666664,2.066666666666667,43.0,0.2,Cerah,0.7071067811865476,-0.7071067811865475,26.0,61.0,1.1,25.666666666666668,62.33333333333332,1
35.73.05.1006,Ketawanggede,2026-09-30 10:00:00,28.0,54.333333333333336,3.033333333333333,59.0,0.2,Cerah,0.49999999999999994,-0.8660254037844387,27.0,57.666666666666664,2.066666666666667,27.0,57.666666666666664,1
35.73.05.1006,Ketawanggede,2026-09-30 11:00:00,29.0,51.0,4.0,75.0,0.2,Cerah Berawan,0.258819045102521,-0.9659258262890682,28.0,54.333333333333336,3.033333333333333,28.0,54.333333333333336,1
35.73.05.1006,Ketawanggede,2026-09-30 12:00:00,27.666666666666668,59.0,4.0,72.0,0.43333333333333335,Cerah Berawan,1.2246467991473532e-16,-1.0,29.0,51.0,4.0,28.222222222222225,54.77777777777778,1
35.73.05.1006,Ketawanggede,2026-09-30 13:00:00,26.333333333333332,67.0,4.0,69.0,0.6666666666666666,Cerah Berawan,-0.2588190451025208,-0.9659258262890683,27.666666666666668,59.0,4.0,27.666666666666668,59.0,1
35.73.05.1006,Ketawanggede,2026-09-30 14:00:00,25.0,75.0,4.0,66.0,0.9,Cerah Berawan,-0.4999999999999997,-0.8660254037844388,26.333333333333332,67.0,4.0,26.333333333333332,67.0,1
35.73.05.1006,Ketawanggede,2026-09-30 15:00:00,24.0,81.33333333333333,4.233333333333333,68.66666666666667,0.9,Cerah Berawan,-0.7071067811865471,-0.7071067811865479,25.0,75.0,4.0,25.11111111111111,74.44444444444444,1
35.73.05.1006,Ketawanggede,2026-09-30 16:00:00,23.0,87.66666666666667,4.466666666666667,71.33333333333333,0.9,Cerah Berawan,-0.8660254037844384,-0.5000000000000004,24.0,81.33333333333333,4.233333333333333,24.0,81.33333333333333,1
35.73.05.1006,Ketawanggede,2026-09-30 17:00:00,22.0,94.0,4.7,74.0,0.9,Cerah Berawan,-0.9659258262890683,-0.25881904510252063,23.0,87.66666666666667,4.466666666666667,23.0,87.66666666666667,1
35.73.05.1006,Ketawanggede,2026-09-30 18:00:00,21.666666666666668,95.0,4.7,69.0,0.6000000000000001,Cerah Berawan,-1.0,-1.8369701987210297e-16,22.0,94.0,4.7,22.222222222222225,92.22222222222223,1
35.73.05.1006,Ketawanggede,2026-09-30 19:00:00,21.333333333333332,96.0,4.7,64.0,0.30000000000000004,Cerah Berawan,-0.9659258262890684,0.2588190451025203,21.666666666666668,95.0,4.7,21.666666666666668,95.0,1
35.73.05.1006,Ketawanggede,2026-09-30 20:00:00,21.0,97.0,4.7,59.0,0.0,Cerah,-0.8660254037844386,0.5000000000000001,21.333333333333332,96.0,4.7,21.333333333333332,96.0,0
35.73.05.1006,Ketawanggede,2026-09-30 21:00:00,21.0,97.0,4.1,51.0,0.0,Cerah,-0.7071067811865477,0.7071067811865474,21.0,97.0,4.7,21.11111111111111,96.66666666666667,0
35.73.05.1006,Ketawanggede,2026-09-30 22:00:00,21.0,97.0,3.5,43.0,0.0,Cerah,-0.5000000000000004,0.8660254037844384,21.0,97.0,4.1,21.0,97.0,0
35.73.05.1006,Ketawanggede,2026-09-30 23:00:00,21.0,97.0,2.9,35.0,0.0,Udara Kabur,-0.25881904510252157,0.9659258262890681,21.0,97.0,3.5,21.0,97.0,0
35.73.05.1007,Jatimulyo,2026-09-28 20:00:00,21.0,95.0,1.7,95.0,0.0,Udara Kabur,-0.8660254037844386,0.5000000000000001,,,,,,0
35.73.05.1007,Jatimulyo,2026-09-28 21:00:00,20.666666666666668,94.66666666666667,2.033333333333333,89.0,0.0,Udara Kabur,-0.7071067811865477,0.7071067811865474,21.0,95.0,1.7,,,0
35.73.05.1007,Jatimulyo,2026-09-28 22:00:00,20.333333333333332,94.33333333333333,2.3666666666666667,83.0,0.0,Udara Kabur,-0.5000000000000004,0.8660254037844384,20.666666666666668,94.66666666666667,2.033333333333333,20.666666666666668,94.66666666666667,0
35.73.05.1007,Jatimulyo,2026-09-28 23:00:00,20.0,94.0,2.7,77.0,0.0,Udara Kabur,-0.25881904510252157,0.9659258262890681,20.333333333333332,94.33333333333333,2.3666666666666667,20.333333333333332,94.33333333333333,0
35.73.05.1007,Jatimulyo,2026-09-29 00:00:00,20.0,92.33333333333333,2.666666666666667,62.333333333333336,0.0,Udara Kabur,0.0,1.0,20.0,94.0,2.7,20.11111111111111,93.55555555555554,0
35.73.05.1007,Jatimulyo,2026-09-29 01:00:00,20.0,90.66666666666667,2.6333333333333333,47.66666666666667,0.0,Udara Kabur,0.25881904510252074,0.9659258262890683,20.0,92.33333333333333,2.666666666666667,20.0,92.33333333333333,0
35.73.05.1007,Jatimulyo,2026-09-29 02:00:00,20.0,89.0,2.6,33.0,0.0,Udara Kabur,0.49999999999999994,0.8660254037844387,20.0,90.66666666666667,2.6333333333333333,20.0,90.66666666666667,0
35.73.05.1007,Jatimulyo,2026-09-29 03:00:00,20.333333333333332,86.66666666666667,2.3,24.666666666666664,0.0,Udara Kabur,0.7071067811865475,0.7071067811865476,20.0,89.0,2.6,20.11111111111111,88.77777777777779,0
35.73.05.1007,Jatimulyo,2026-09-29 04:00:00,20.666666666666668,84.33333333333333,2.0,16.333333333333332,0.0,Udara Kabur,0.8660254037844386,0.5000000000000001,20.333333333333332,86.66666666666667,2.3,20.333333333333332,86.66666666666667,0
35.73.05.1007,Jatimulyo,2026-09-29 05:00:00,21.0,82.0,1.7,8.0,0.0,Cerah,0.9659258262890683,0.25881904510252074,20.666666666666668,84.33333333333333,2.0,20.666666666666668,84.33333333333333,0
35.73.05.1007,Jatimulyo,2026-09-29 06:00:00,23.0,73.66666666666667,3.6,9.333333333333334,0.0,Cerah,1.0,6.123233995736766e-17,21.0,82.0,1.7,21.555555555555557,80.0,0
35.73.05.1007,Jatimulyo,2026-09-29 07:00:00,25.0,65.33333333333333,5.5,10.666666666666666,0.0,Cerah,0.9659258262890683,-0.25881904510252063,23.0,73.66666666666667,3.6,23.0,73.66666666666667,0
35.73.05.1007,Jatimulyo,2026-09-29 08:00:00,27.0,57.0,7.4,12.0,0.0,Cerah,0.8660254037844387,-0.4999999999999998,25.0,65.33333333333333,5.5,25.0,65.33333333333333,0
35.73.05.1007,Jatimulyo,2026-09-29 09:00:00,28.0,52.666666666666664,6.9,19.0,0.0,Cerah,0.7071067811865476,-0.7071067811865475,27.0,57.0,7.4,26.666666666666668,58.333333333333336,0
35.73.05.1007,Jatimulyo,2026-09-29 10:00:00,29.0,48.333333333333336,6.4,26.0,0.0,Cerah,0.49999999999999994,-0.8660254037844387,28.0,52.666666666666664,6.9,28.0,52.666666666666664,0
35.73.05.1007,Jatimulyo,2026-09-29 11:00:00,30.0,44.0,5.9,33.0,0.0,Cerah,0.258819045102521,-0.9659258262890682,29.0,48.333333333333336,6.4,29.0,48.333333333333336,0
35.73.05.1007,Jatimulyo,2026-09-29 12:00:00,29.666666666666668,44.0,6.166666666666667,37.0,0.0,Cerah,1.2246467991473532e-16,-1.0,30.0,44.0,5.9,29.555555555555557,45.44444444444445,0
35.73.05.1007,Jatimulyo,2026-09-29 13:00:00,29.333333333333332,44.0,6.433333333333334,41.0,0.0,Cerah,-0.2588190451025208,-0.9659258262890683,29.666666666666668,44.0,6.166666666666667,29.666666666666668,44.0,0
35.73.05.1007,Jatimulyo,2026-09-29 14:00:00,29.0,44.0,6.7,45.0,0.0,Cerah,-0.4999999999999997,-0.8660254037844388,29.333333333333332,44.0,6.433333333333334,29.333333333333332,44.0,0
35.73.05.1007,Jatimulyo,2026-09-29 15:00:00,27.0,54.666666666666664,6.0,42.333333333333336,0.0,Cerah,-0.7071067811865471,-0.7071067811865479,29.0,44.0,6.7,28.444444444444443,47.55555555555555,0
35.73.05.1007,Jatimulyo,2026-09-29 16:00:00,25.0,65.33333333333333,5.3,39.666666666666664,0.0,Cerah,-0.8660254037844384,-0.5000000000000004,27.0,54.666666666666664,6.0,27.0,54.666666666666664,0
35.73.05.1007,Jatimulyo,2026-09-29 17:00:00,23.0,76.0,4.6,37.0,0.0,Cerah,-0.9659258262890683,-0.25881904510252063,25.0,65.33333333333333,5.3,25.0,65.33333333333333,0
35.73.05.1007,Jatimulyo,2026-09-29 18:00:00,22.333333333333332,81.0,3.6999999999999997,31.666666666666668,0.0,Cerah,-1.0,-1.8369701987210297e-16,23.0,76.0,4.6,23.444444444444443,74.11111111111111,0
35.73.05.1007,Jatimulyo,2026-09-29 19:00:00,21.666666666666668,86.0,2.8,26.333333333333336,0.0,Cerah,-0.9659258262890684,0.2588190451025203,22.333333333333332,81.0,3.6999999999999997,22.333333333333332,81.0,0
35.73.05.1007,Jatimulyo,2026-09-29 20:00:00,21.0,91.0,1.9,21.0,0.0,Cerah,-0.8660254037844386,0.5000000000000001,21.666666666666668,86.0,2.8,21.666666666666668,86.0,0
35.73.05.1007,Jatimulyo,2026-09-29 21:00:00,20.666666666666668,92.0,1.8,28.0,0.0,Cerah,-0.7071067811865477,0.7071067811865474,21.0,91.0,1.9,21.111111111111114,89.66666666666667,0
35.73.05.1007,Jatimulyo,2026-09-29 22:00:00,20.333333333333332,93.0,1.7,35.0,0.0,Cerah,-0.5000000000000004,0.8660254037844384,20.666666666666668,92.0,1.8,20.666666666666668,92.0,0
35.73.05.1007,Jatimulyo,2026-09-29 23:00:00,20.0,94.0,1.6,42.0,0.0,Udara Kabur,-0.25881904510252157,0.9659258262890681,20.333333333333332,93.0,1.7,20.333333333333332,93.0,0
35.73.05.1007,Jatimulyo,2026-09-30 00:00:00,19.666666666666668,93.33333333333333,1.5333333333333334,59.66666666666667,0.0,Udara Kabur,0.0,1.0,20.0,94.0,1.6,20.0,93.44444444444444,0
35.73.05.1007,Jatimulyo,2026-09-30 01:00:00,19.333333333333332,92.66666666666667,1.4666666666666666,77.33333333333334,0.0,Udara Kabur,0.25881904510252074,0.9659258262890683,19.666666666666668,93.33333333333333,1.5333333333333334,19.666666666666668,93.33333333333333,0
35.73.05.1007,Jatimulyo,2026-09-30 02:00:00,19.0,92.0,1.4,95.0,0.0,Udara Kabur,0.49999999999999994,0.8660254037844387,19.333333333333332,92.66666666666667,1.4666666666666666,19.333333333333332,92.66666666666667,0
35.73.05.1007,Jatimulyo,2026-09-30 03:00:00,19.333333333333332,89.0,1.3,90.33333333333333,0.0,Udara Kabur,0.7071067811865475,0.7071067811865476,19.0,92.0,1.4,19.222222222222218,91.22222222222223,0
35.73.05.1007,Jatimulyo,2026-09-30 04:00:00,19.666666666666668,86.0,1.2,85.66666666666667,0.0,Udara Kabur,0.8660254037844386,0.5000000000000001,19.333333333333332,89.0,1.3,19.333333333333332,89.0,0
35.73.05.1007,Jatimulyo,2026-09-30 05:00:00,20.0,83.0,1.1,81.0,0.0,Cerah Berawan,0.9659258262890683,0.25881904510252074,19.666666666666668,86.0,1.2,19.666666666666668,86.0,0
35.73.05.1007,Jatimulyo,2026-09-30 06:00:00,22.0,75.66666666666667,1.1,63.0,0.06666666666666667,Cerah Berawan,1.0,6.123233995736766e-17,20.0,83.0,1.1,20.555555555555557,81.55555555555556,1
35.73.05.1007,Jatimulyo,2026-09-30 07:00:00,24.0,68.33333333333333,1.1,45.0,0.13333333333333333,Cerah Berawan,0.9659258262890683,-0.25881904510252063,22.0,75.66666666666667,1.1,22.0,75.66666666666667,1
35.73.05.1007,Jatimulyo,2026-09-30 08:00:00,26.0,61.0,1.1,27.0,0.2,Cerah,0.8660254037844387,-0.4999999999999998,24.0,68.33333333333333,1.1,24.0,68.33333333333333,1
35.73.05.1007,Jatimulyo,2026-09-30 09:00:00,27.0,57.666666666666664,2.066666666666667,43.0,0.2,Cerah,0.7071067811865476,-0.7071067811865475,26.0,61.0,1.1,25.666666666666668,62.33333333333332,1
35.73.05.1007,Jatimulyo,2026-09-30 10:00:00,28.0,54.333333333333336,3.033333333333333,59.0,0.2,Cerah,0.49999999999999994,-0.8660254037844387,27.0,57.666666666666664,2.066666666666667,27.0,57.666666666666664,1
35.73.05.1007,Jatimulyo,2026-09-30 11:00:00,29.0,51.0,4.0,75.0,0.2,Cerah Berawan,0.258819045102521,-0.9659258262890682,28.0,54.333333333333336,3.033333333333333,28.0,54.333333333333336,1
35.73.05.1007,Jatimulyo,2026-09-30 12:00:00,27.666666666666668,59.0,4.0,72.0,0.43333333333333335,Cerah Berawan,1.2246467991473532e-16,-1.0,29.0,51.0,4.0,28.222222222222225,54.77777777777778,1
35.73.05.1007,Jatimulyo,2026-09-30 13:00:00,26.333333333333332,67.0,4.0,69.0,0.6666666666666666,Cerah Berawan,-0.2588190451025208,-0.9659258262890683,27.666666666666668,59.0,4.0,27.666666666666668,59.0,1
35.73.05.1007,Jatimulyo,2026-09-30 14:00:00,25.0,75.0,4.0,66.0,0.9,Cerah Berawan,-0.4999999999999997,-0.8660254037844388,26.333333333333332,67.0,4.0,26.333333333333332,67.0,1
35.73.05.1007,Jatimulyo,2026-09-30 15:00:00,24.0,81.33333333333333,4.233333333333333,68.66666666666667,0.9,Cerah Berawan,-0.7071067811865471,-0.7071067811865479,25.0,75.0,4.0,25.11111111111111,74.44444444444444,1
35.73.05.1007,Jatimulyo,2026-09-30 16:00:00,23.0,87.66666666666667,4.466666666666667,71.33333333333333,0.9,Cerah Berawan,-0.8660254037844384,-0.5000000000000004,24.0,81.33333333333333,4.233333333333333,24.0,81.33333333333333,1
35.73.05.1007,Jatimulyo,2026-09-30 17:00:00,22.0,94.0,4.7,74.0,0.9,Cerah Berawan,-0.9659258262890683,-0.25881904510252063,23.0,87.66666666666667,4.466666666666667,23.0,87.66666666666667,1
35.73.05.1007,Jatimulyo,2026-09-30 18:00:00,21.666666666666668,95.0,4.7,69.0,0.6000000000000001,Cerah Berawan,-1.0,-1.8369701987210297e-16,22.0,94.0,4.7,22.222222222222225,92.22222222222223,1
35.73.05.1007,Jatimulyo,2026-09-30 19:00:00,21.333333333333332,96.0,4.7,64.0,0.30000000000000004,Cerah Berawan,-0.9659258262890684,0.2588190451025203,21.666666666666668,95.0,4.7,21.666666666666668,95.0,1
35.73.05.1007,Jatimulyo,2026-09-30 20:00:00,21.0,97.0,4.7,59.0,0.0,Cerah,-0.8660254037844386,0.5000000000000001,21.333333333333332,96.0,4.7,21.333333333333332,96.0,0
35.73.05.1007,Jatimulyo,2026-09-30 21:00:00,21.0,97.0,4.1,51.0,0.0,Cerah,-0.7071067811865477,0.7071067811865474,21.0,97.0,4.7,21.11111111111111,96.66666666666667,0
35.73.05.1007,Jatimulyo,2026-09-30 22:00:00,21.0,97.0,3.5,43.0,0.0,Cerah,-0.5000000000000004,0.8660254037844384,21.0,97.0,4.1,21.0,97.0,0
35.73.05.1007,Jatimulyo,2026-09-30 23:00:00,21.0,97.0,2.9,35.0,0.0,Udara Kabur,-0.25881904510252157,0.9659258262890681,21.0,97.0,3.5,21.0,97.0,0
35.73.05.1008,Tunjungsekar,2026-09-28 20:00:00,21.0,95.0,1.4,95.0,0.0,Udara Kabur,-0.8660254037844386,0.5000000000000001,,,,,,0
35.73.05.1008,Tunjungsekar,2026-09-28 21:00:00,20.333333333333332,95.0,2.1333333333333333,89.66666666666667,0.0,Udara Kabur,-0.7071067811865477,0.7071067811865474,21.0,95.0,1.4,,,0
35.73.05.1008,Tunjungsekar,2026-09-28 22:00:00,19.666666666666668,95.0,2.8666666666666667,84.33333333333333,0.0,Udara Kabur,-0.5000000000000004,0.8660254037844384,20.333333333333332,95.0,2.1333333333333333,20.333333333333332,95.0,0
35.73.05.1008,Tunjungsekar,2026-09-28 23:00:00,19.0,95.0,3.6,79.0,0.0,Udara Kabur,-0.25881904510252157,0.9659258262890681,19.666666666666668,95.0,2.8666666666666667,19.666666666666668,95.0,0
35.73.05.1008,Tunjungsekar,2026-09-29 00:00:00,19.0,93.33333333333333,3.2333333333333334,62.66666666666667,0.0,Udara Kabur,0.0,1.0,19.0,95.0,3.6,19.222222222222225,94.44444444444444,0
35.73.05.1008,Tunjungsekar,2026-09-29 01:00:00,19.0,91.66666666666667,2.8666666666666667,46.333333333333336,0.0,Udara Kabur,0.25881904510252074,0.9659258262890683,19.0,93.33333333333333,3.2333333333333334,19.0,93.33333333333333,0
35.73.05.1008,Tunjungsekar,2026-09-29 02:00:00,19.0,90.0,2.5,30.0,0.0,Udara Kabur,0.49999999999999994,0.8660254037844387,19.0,91.66666666666667,2.8666666666666667,19.0,91.66666666666667,0
35.73.05.1008,Tunjungsekar,2026-09-29 03:00:00,19.333333333333332,87.33333333333333,2.033333333333333,22.333333333333332,0.0,Udara Kabur,0.7071067811865475,0.7071067811865476,19.0,90.0,2.5,19.11111111111111,89.66666666666667,0
35.73.05.1008,Tunjungsekar,2026-09-29 04:00:00,19.666666666666668,84.66666666666667,1.5666666666666669,14.666666666666666,0.0,Udara Kabur,0.8660254037844386,0.5000000000000001,19.333333333333332,87.33333333333333,2.033333333333333,19.333333333333332,87.33333333333333,0
35.73.05.1008,Tunjungsekar,2026-09-29 05:00:00,20.0,82.0,1.1,7.0,0.0,Cerah,0.9659258262890683,0.25881904510252074,19.666666666666668,84.66666666666667,1.5666666666666669,19.666666666666668,84.66666666666667,0
35.73.05.1008,Tunjungsekar,2026-09-29 06:00:00,22.333333333333332,73.0,3.966666666666667,8.666666666666666,0.0,Cerah,1.0,6.123233995736766e-17,20.0,82.0,1.1,20.666666666666668,79.8888888888889,0
35.73.05.1008,Tunjungsekar,2026-09-29 07:00:00,24.666666666666668,64.0,6.833333333333334,10.333333333333334,0.0,Cerah,0.9659258262890683,-0.25881904510252063,22.333333333333332,73.0,3.966666666666667,22.333333333333332,73.0,0
35.73.05.1008,Tunjungsekar,2026-09-29 08:00:00,27.0,55.0,9.7,12.0,0.0,Cerah,0.8660254037844387,-0.4999999999999998,24.666666666666668,64.0,6.833333333333334,24.666666666666668,64.0,0
35.73.05.1008,Tunjungsekar,2026-09-29 09:00:00,28.0,51.333333333333336,9.666666666666666,19.666666666666668,0.0,Cerah,0.7071067811865476,-0.7071067811865475,27.0,55.0,9.7,26.555555555555557,56.77777777777778,0
35.73.05.1008,Tunjungsekar,2026-09-29 10:00:00,29.0,47.666666666666664,9.633333333333333,27.333333333333336,0.0,Cerah,0.49999999999999994,-0.8660254037844387,28.0,51.333333333333336,9.666666666666666,28.0,51.333333333333336,0
35.73.05.1008,Tunjungsekar,2026-09-29 11:00:00,30.0,44.0,9.6,35.0,0.0,Cerah,0.258819045102521,-0.9659258262890682,29.0,47.666666666666664,9.633333333333333,29.0,47.666666666666664,0
35.73.05.1008,Tunjungsekar,2026-09-29 12:00:00,29.333333333333332,44.0,8.733333333333333,38.333333333333336,0.0,Cerah,1.2246467991473532e-16,-1.0,30.0,44.0,9.6,29.444444444444443,45.22222222222222,0
35.73.05.1008,Tunjungsekar,2026-09-29 13:00:00,28.666666666666668,44.0,7.866666666666666,41.666666666666664,0.0,Cerah,-0.2588190451025208,-0.9659258262890683,29.333333333333332,44.0,8.733333333333333,29.333333333333332,44.0,0
35.73.05.1008,Tunjungsekar,2026-09-29 14:00:00,28.0,44.0,7.0,45.0,0.0,Cerah,-0.4999999999999997,-0.8660254037844388,28.666666666666668,44.0,7.866666666666666,28.666666666666668,44.0,0
35.73.05.1008,Tunjungsekar,2026-09-29 15:00:00,26.333333333333332,54.333333333333336,6.0,43.0,0.0,Cerah,-0.7071067811865471,-0.7071067811865479,28.0,44.0,7.0,27.666666666666668,47.44444444444445,0
35.73.05.1008,Tunjungsekar,2026-09-29 16:00:00,24.666666666666668,64.66666666666667,5.0,41.0,0.0,Cerah,-0.8660254037844384,-0.5000000000000004,26.333333333333332,54.333333333333336,6.0,26.333333333333332,54.333333333333336,0
35.73.05.1008,Tunjungsekar,2026-09-29 17:00:00,23.0,75.0,4.0,39.0,0.0,Cerah,-0.9659258262890683,-0.25881904510252063,24.666666666666668,64.66666666666667,5.0,24.666666666666668,64.66666666666667,0
35.73.05.1008,Tunjungsekar,2026-09-29 18:00:00,22.333333333333332,80.66666666666667,3.3333333333333335,34.0,0.0,Cerah,-1.0,-1.8369701987210297e-16,23.0,75.0,4.0,23.333333333333332,73.44444444444444,0
35.73.05.1008,Tunjungsekar,2026-09-29 19:00:00,21.666666666666668,86.33333333333333,2.666666666666667,29.0,0.0,Cerah,-0.9659258262890684,0.2588190451025203,22.333333333333332,80.66666666666667,3.3333333333333335,22.333333333333332,80.66666666666667,0
35.73.05.1008,Tunjungsekar,2026-09-29 20:00:00,21.0,92.0,2.0,24.0,0.0,Cerah,-0.8660254037844386,0.5000000000000001,21.666666666666668,86.33333333333333,2.666666666666667,21.666666666666668,86.33333333333333,0
35.73.05.1008,Tunjungsekar,2026-09-29 21:00:00,20.666666666666668,92.66666666666667,1.8666666666666667,30.666666666666668,0.0,Cerah,-0.7071067811865477,0.7071067811865474,21.0,92.0,2.0,21.111111111111114,90.33333333333333,0
35.73.05.1008,Tunjungsekar,2026-09-29 22:00:00,20.333333333333332,93.33333333333333,1.7333333333333334,37.333333333333336,0.0,Cerah,-0.5000000000000004,0.8660254037844384,20.666666666666668,92.66666666666667,1.8666666666666667,20.666666666666668,92.66666666666667,0
35.73.05.1008,Tunjungsekar,2026-09-29 23:00:00,20.0,94.0,1.6,44.0,0.0,Udara Kabur,-0.25881904510252157,0.9659258262890681,20.333333333333332,93.33333333333333,1.7333333333333334,20.333333333333332,93.33333333333333,0
35.73.05.1008,Tunjungsekar,2026-09-30 00:00:00,19.666666666666668,93.33333333333333,1.5666666666666667,61.33333333333333,0.0,Udara Kabur,0.0,1.0,20.0,94.0,1.6,20.0,93.55555555555554,0
35.73.05.1008,Tunjungsekar,2026-09-30 01:00:00,19.333333333333332,92.66666666666667,1.5333333333333334,78.66666666666666,0.0,Udara Kabur,0.25881904510252074,0.9659258262890683,19.666666666666668,93.33333333333333,1.5666666666666667,19.666666666666668,93.33333333333333,0
35.73.05.1008,Tunjungsekar,2026-09-30 02:00:00,19.0,92.0,1.5,96.0,0.0,Udara Kabur,0.49999999999999994,0.8660254037844387,19.333333333333332,92.66666666666667,1.5333333333333334,19.333333333333332,92.66666666666667,0
35.73.05.1008,Tunjungsekar,2026-09-30 03:00:00,19.333333333333332,88.66666666666667,1.4333333333333333,90.66666666666667,0.0,Udara Kabur,0.7071067811865475,0.7071067811865476,19.0,92.0,1.5,19.222222222222218,91.11111111111113,0
35.73.05.1008,Tunjungsekar,2026-09-30 04:00:00,19.666666666666668,85.33333333333333,1.3666666666666667,85.33333333333333,0.0,Udara Kabur,0.8660254037844386,0.5000000000000001,19.333333333333332,88.66666666666667,1.4333333333333333,19.333333333333332,88.66666666666667,0
35.73.05.1008,Tunjungsekar,2026-09-30 05:00:00,20.0,82.0,1.3,80.0,0.0,Udara Kabur,0.9659258262890683,0.25881904510252074,19.666666666666668,85.33333333333333,1.3666666666666667,19.666666666666668,85.33333333333333,0
35.73.05.1008,Tunjungsekar,2026-09-30 06:00:00,22.0,74.66666666666667,1.3,63.66666666666667,0.09999999999999999,Udara Kabur,1.0,6.123233995736766e-17,20.0,82.0,1.3,20.555555555555557,80.66666666666667,1
35.73.05.1008,Tunjungsekar,2026-09-30 07:00:00,24.0,67.33333333333333,1.3,47.333333333333336,0.19999999999999998,Udara Kabur,0.9659258262890683,-0.25881904510252063,22.0,74.66666666666667,1.3,22.0,74.66666666666667,1
35.73.05.1008,Tunjungsekar,2026-09-30 08:00:00,26.0,60.0,1.3,31.0,0.3,Udara Kabur,0.8660254037844387,-0.4999999999999998,24.0,67.33333333333333,1.3,24.0,67.33333333333333,1
35.73.05.1008,Tunjungsekar,2026-09-30 09:00:00,26.666666666666668,58.0,2.9,47.0,0.3,Udara Kabur,0.7071067811865476,-0.7071067811865475,26.0,60.0,1.3,25.555555555555557,61.77777777777777,1
35.73.05.1008,Tunjungsekar,2026-09-30 10:00:00,27.333333333333332,56.0,4.5,63.0,0.3,Udara Kabur,0.49999999999999994,-0.8660254037844387,26.666666666666668,58.0,2.9,26.666666666666668,58.0,1
35.73.05.1008,Tunjungsekar,2026-09-30 11:00:00,28.0,54.0,6.1,79.0,0.3,Cerah Berawan,0.258819045102521,-0.9659258262890682,27.333333333333332,56.0,4.5,27.333333333333332,56.0,1
35.73.05.1008,Tunjungsekar,2026-09-30 12:00:00,27.0,60.666666666666664,6.1,75.0,0.5,Cerah Berawan,1.2246467991473532e-16,-1.0,28.0,54.0,6.1,27.444444444444443,56.888888888888886,1
35.73.05.1008,Tunjungsekar,2026-09-30 13:00:00,26.0,67.33333333333333,6.1,71.0,0.7000000000000001,Cerah Berawan,-0.2588190451025208,-0.9659258262890683,27.0,60.666666666666664,6.1,27.0,60.666666666666664,1
35.73.05.1008,Tunjungsekar,2026-09-30 14:00:00,25.0,74.0,6.1,67.0,0.9,Cerah Berawan,-0.4999999999999997,-0.8660254037844388,26.0,67.33333333333333,6.1,26.0,67.33333333333333,1
35.73.05.1008,Tunjungsekar,2026-09-30 15:00:00,24.0,80.66666666666667,5.233333333333333,68.66666666666667,0.9,Cerah Berawan,-0.7071067811865471,-0.7071067811865479,25.0,74.0,6.1,25.0,74.0,1
35.73.05.1008,Tunjungsekar,2026-09-30 16:00:00,23.0,87.33333333333333,4.366666666666666,70.33333333333333,0.9,Cerah Berawan,-0.8660254037844384,-0.5000000000000004,24.0,80.66666666666667,5.233333333333333,24.0,80.66666666666667,1
35.73.05.1008,Tunjungsekar,2026-09-30 17:00:00,22.0,94.0,3.5,72.0,0.9,Cerah Berawan,-0.9659258262890683,-0.25881904510252063,23.0,87.33333333333333,4.366666666666666,23.0,87.33333333333333,1
35.73.05.1008,Tunjungsekar,2026-09-30 18:00:00,21.666666666666668,95.0,3.5,70.0,0.6000000000000001,Cerah Berawan,-1.0,-1.8369701987210297e-16,22.0,94.0,3.5,22.222222222222225,92.1111111111111,1
35.73.05.1008,Tunjungsekar,2026-09-30 19:00:00,21.333333333333332,96.0,3.5,68.0,0.30000000000000004,Cerah Berawan,-0.9659258262890684,0.2588190451025203,21.666666666666668,95.0,3.5,21.666666666666668,95.0,1
35.73.05.1008,Tunjungsekar,2026-09-30 20:00:00,21.0,97.0,3.5,66.0,0.0,Cerah Berawan,-0.8660254037844386,0.5000000000000001,21.333333333333332,96.0,3.5,21.333333333333332,96.0,0
35.73.05.1008,Tunjungsekar,2026-09-30 21:00:00,20.666666666666668,97.0,3.1,55.333333333333336,0.0,Cerah Berawan,-0.7071067811865477,0.7071067811865474,21.0,97.0,3.5,21.0,96.66666666666667,0
35.73.05.1008,Tunjungsekar,2026-09-30 22:00:00,20.333333333333332,97.0,2.6999999999999997,44.66666666666667,0.0,Cerah Berawan,-0.5000000000000004,0.8660254037844384,20.666666666666668,97.0,3.1,20.666666666666668,97.0,0
35.73.05.1008,Tunjungsekar,2026-09-30 23:00:00,20.0,97.0,2.3,34.0,0.0,Udara Kabur,-0.25881904510252157,0.9659258262890681,20.333333333333332,97.0,2.6999999999999997,20.333333333333332,97.0,0
35.73.05.1009,Mojolangu,2026-09-28 19:00:00,21.0,94.0,1.9,96.0,0.0,Berawan,-0.9659258262890684,0.2588190451025203,,,,,,0
35.73.05.1009,Mojolangu,2026-09-28 20:00:00,20.666666666666668,94.66666666666667,1.7333333333333332,90.66666666666667,0.0,Berawan,-0.8660254037844386,0.5000000000000001,21.0,94.0,1.9,,,0
35.73.05.1009,Mojolangu,2026-09-28 21:00:00,20.333333333333332,95.33333333333333,1.5666666666666667,85.33333333333333,0.0,Berawan,-0.7071067811865477,0.7071067811865474,20.666666666666668,94.66666666666667,1.7333333333333332,20.666666666666668,94.66666666666667,0
35.73.05.1009,Mojolangu,2026-09-28 22:00:00,20.0,96.0,1.4,80.0,0.0,Udara Kabur,-0.5000000000000004,0.8660254037844384,20.333333333333332,95.33333333333333,1.5666666666666667,20.333333333333332,95.33333333333333,0
35.73.05.1009,Mojolangu,2026-09-28 23:00:00,19.666666666666668,94.33333333333333,2.1333333333333333,68.66666666666667,0.0,Udara Kabur,-0.25881904510252157,0.9659258262890681,20.0,96.0,1.4,20.0,95.22222222222221,0
35.73.05.1009,Mojolangu,2026-09-29 00:00:00,19.333333333333332,92.66666666666667,2.8666666666666667,57.33333333333333,0.0,Udara Kabur,0.0,1.0,19.666666666666668,94.33333333333333,2.1333333333333333,19.666666666666668,94.33333333333333,0
35.73.05.1009,Mojolangu,2026-09-29 01:00:00,19.0,91.0,3.6,46.0,0.0,Udara Kabur,0.25881904510252074,0.9659258262890683,19.333333333333332,92.66666666666667,2.8666666666666667,19.333333333333332,92.66666666666667,0
35.73.05.1009,Mojolangu,2026-09-29 02:00:00,19.0,89.33333333333333,3.2333333333333334,34.0,0.0,Udara Kabur,0.49999999999999994,0.8660254037844387,19.0,91.0,3.6,19.11111111111111,91.0,0
35.73.05.1009,Mojolangu,2026-09-29 03:00:00,19.0,87.66666666666667,2.8666666666666667,22.0,0.0,Udara Kabur,0.7071067811865475,0.7071067811865476,19.0,89.33333333333333,3.2333333333333334,19.0,89.33333333333333,0
35.73.05.1009,Mojolangu,2026-09-29 04:00:00,19.0,86.0,2.5,10.0,0.0,Udara Kabur,0.8660254037844386,0.5000000000000001,19.0,87.66666666666667,2.8666666666666667,19.0,87.66666666666667,0
35.73.05.1009,Mojolangu,2026-09-29 05:00:00,21.0,78.66666666666667,2.033333333333333,9.333333333333334,0.0,Udara Kabur,0.9659258262890683,0.25881904510252074,19.0,86.0,2.5,19.666666666666668,84.11111111111113,0
35.73.05.1009,Mojolangu,2026-09-29 06:00:00,23.0,71.33333333333333,1.5666666666666669,8.666666666666666,0.0,Udara Kabur,1.0,6.123233995736766e-17,21.0,78.66666666666667,2.033333333333333,21.0,78.66666666666667,0
35.73.05.1009,Mojolangu,2026-09-29 07:00:00,25.0,64.0,1.1,8.0,0.0,Cerah,0.9659258262890683,-0.25881904510252063,23.0,71.33333333333333,1.5666666666666669,23.0,71.33333333333333,0
35.73.05.1009,Mojolangu,2026-09-29 08:00:00,26.333333333333332,58.0,3.966666666666667,22.0,0.0,Cerah,0.8660254037844387,-0.4999999999999998,25.0,64.0,1.1,24.777777777777775,64.44444444444444,0
35.73.05.1009,Mojolangu,2026-09-29 09:00:00,27.666666666666668,52.0,6.833333333333334,36.0,0.0,Cerah,0.7071067811865476,-0.7071067811865475,26.333333333333332,58.0,3.966666666666667,26.333333333333332,58.0,0
35.73.05.1009,Mojolangu,2026-09-29 10:00:00,29.0,46.0,9.7,50.0,0.0,Cerah,0.49999999999999994,-0.8660254037844387,27.666666666666668,52.0,6.833333333333334,27.666666666666668,52.0,0
35.73.05.1009,Mojolangu,2026-09-29 11:00:00,29.0,45.0,9.666666666666666,52.666666666666664,0.0,Cerah,0.258819045102521,-0.9659258262890682,29.0,46.0,9.7,28.555555555555557,47.666666666666664,0
35.73.05.1009,Mojolangu,2026-09-29 12:00:00,29.0,44.0,9.633333333333333,55.333333333333336,0.0,Cerah,1.2246467991473532e-16,-1.0,29.0,45.0,9.666666666666666,29.0,45.0,0
35.73.05.1009,Mojolangu,2026-09-29 13:00:00,29.0,43.0,9.6,58.0,0.0,Cerah,-0.2588190451025208,-0.9659258262890683,29.0,44.0,9.633333333333333,29.0,44.0,0
35.73.05.1009,Mojolangu,2026-09-29 14:00:00,27.666666666666668,48.666666666666664,8.733333333333333,48.0,0.0,Cerah,-0.4999999999999997,-0.8660254037844388,29.0,43.0,9.6,28.555555555555557,45.22222222222222,0
35.73.05.1009,Mojolangu,2026-09-29 15:00:00,26.333333333333332,54.333333333333336,7.866666666666666,38.0,0.0,Cerah,-0.7071067811865471,-0.7071067811865479,27.666666666666668,48.666666666666664,8.733333333333333,27.666666666666668,48.666666666666664,0
35.73.05.1009,Mojolangu,2026-09-29 16:00:00,25.0,60.0,7.0,28.0,0.0,Cerah,-0.8660254037844384,-0.5000000000000004,26.333333333333332,54.333333333333336,7.866666666666666,26.333333333333332,54.333333333333336,0
35.73.05.1009,Mojolangu,2026-09-29 17:00:00,23.666666666666668,69.66666666666667,6.0,29.333333333333332,0.0,Cerah,-0.9659258262890683,-0.25881904510252063,25.0,60.0,7.0,25.0,61.333333333333336,0
35.73.05.1009,Mojolangu,2026-09-29 18:00:00,22.333333333333332,79.33333333333333,5.0,30.666666666666668,0.0,Cerah,-1.0,-1.8369701987210297e-16,23.666666666666668,69.66666666666667,6.0,23.666666666666668,69.66666666666667,0
35.73.05.1009,Mojolangu,2026-09-29 19:00:00,21.0,89.0,4.0,32.0,0.0,Cerah,-0.9659258262890684,0.2588190451025203,22.333333333333332,79.33333333333333,5.0,22.333333333333332,79.33333333333333,0
35.73.05.1009,Mojolangu,2026-09-29 20:00:00,20.666666666666668,90.33333333333333,3.3333333333333335,28.0,0.0,Cerah,-0.8660254037844386,0.5000000000000001,21.0,89.0,4.0,21.333333333333332,86.22222222222221,0
35.73.05.1009,Mojolangu,2026-09-29 21:00:00,20.333333333333332,91.66666666666667,2.666666666666667,24.0,0.0,Cerah,-0.7071067811865477,0.7071067811865474,20.666666666666668,90.33333333333333,3.3333333333333335,20.666666666666668,90.33333333333333,0
35.73.05.1009,Mojolangu,2026-09-29 22:00:00,20.0,93.0,2.0,20.0,0.0,Cerah,-0.5000000000000004,0.8660254037844384,20.333333333333332,91.66666666666667,2.666666666666667,20.333333333333332,91.66666666666667,0
35.73.05.1009,Mojolangu,2026-09-29 23:00:00,19.666666666666668,92.66666666666667,1.8666666666666667,42.33333333333333,0.0,Cerah,-0.25881904510252157,0.9659258262890681,20.0,93.0,2.0,20.0,92.44444444444446,0
35.73.05.1009,Mojolangu,2026-09-30 00:00:00,19.333333333333332,92.33333333333333,1.7333333333333334,64.66666666666666,0.0,Cerah,0.0,1.0,19.666666666666668,92.66666666666667,1.8666666666666667,19.666666666666668,92.66666666666667,0
35.73.05.1009,Mojolangu,2026-09-30 01:00:00,19.0,92.0,1.6,87.0,0.0,Udara Kabur,0.25881904510252074,0.9659258262890683,19.333333333333332,92.33333333333333,1.7333333333333334,19.333333333333332,92.33333333333333,0
35.73.05.1009,Mojolangu,2026-09-30 02:00:00,19.0,90.66666666666667,1.5666666666666667,91.0,0.0,Udara Kabur,0.49999999999999994,0.8660254037844387,19.0,92.0,1.6,19.11111111111111,91.66666666666667,0
35.73.05.1009,Mojolangu,2026-09-30 03:00:00,19.0,89.33333333333333,1.5333333333333334,95.0,0.0,Udara Kabur,0.7071067811865475,0.7071067811865476,19.0,90.66666666666667,1.5666666666666667,19.0,90.66666666666667,0
35.73.05.1009,Mojolangu,2026-09-30 04:00:00,19.0,88.0,1.5,99.0,0.0,Udara Kabur,0.8660254037844386,0.5000000000000001,19.0,89.33333333333333,1.5333333333333334,19.0,89.33333333333333,0
35.73.05.1009,Mojolangu,2026-09-30 05:00:00,21.0,80.66666666666667,1.4333333333333333,72.33333333333333,0.09999999999999999,Udara Kabur,0.9659258262890683,0.25881904510252074,19.0,88.0,1.5,19.666666666666668,86.0,1
35.73.05.1009,Mojolangu,2026-09-30 06:00:00,23.0,73.33333333333333,1.3666666666666667,45.666666666666664,0.19999999999999998,Udara Kabur,1.0,6.123233995736766e-17,21.0,80.66666666666667,1.4333333333333333,21.0,80.66666666666667,1
35.73.05.1009,Mojolangu,2026-09-30 07:00:00,25.0,66.0,1.3,19.0,0.3,Udara Kabur,0.9659258262890683,-0.25881904510252063,23.0,73.33333333333333,1.3666666666666667,23.0,73.33333333333333,1
35.73.05.1009,Mojolangu,2026-09-30 08:00:00,26.0,61.666666666666664,2.9,34.333333333333336,0.3,Udara Kabur,0.8660254037844387,-0.4999999999999998,25.0,66.0,1.3,24.666666666666668,66.99999999999999,1
35.73.05.1009,Mojolangu,2026-09-30 09:00:00,27.0,57.333333333333336,4.5,49.66666666666667,0.3,Udara Kabur,0.7071067811865476,-0.7071067811865475,26.0,61.666666666666664,2.9,26.0,61.666666666666664,1
35.73.05.1009,Mojolangu,2026-09-30 10:00:00,28.0,53.0,6.1,65.0,0.3,Cerah Berawan,0.49999999999999994,-0.8660254037844387,27.0,57.333333333333336,4.5,27.0,57.333333333333336,1
35.73.05.1009,Mojolangu,2026-09-30 11:00:00,27.333333333333332,57.333333333333336,6.1,71.66666666666667,0.5,Cerah Berawan,0.258819045102521,-0.9659258262890682,28.0,53.0,6.1,27.444444444444443,55.88888888888889,1
35.73.05.1009,Mojolangu,2026-09-30 12:00:00,26.666666666666668,61.666666666666664,6.1,78.33333333333333,0.7000000000000001,Cerah Berawan,1.2246467991473532e-16,-1.0,27.333333333333332,57.333333333333336,6.1,27.333333333333332,57.333333333333336,1
35.73.05.1009,Mojolangu,2026-09-30 13:00:00,26.0,66.0,6.1,85.0,0.9,Cerah Berawan,-0.2588190451025208,-0.9659258262890683,26.666666666666668,61.666666666666664,6.1,26.666666666666668,61.666666666666664,1
35.73.05.1009,Mojolangu,2026-09-30 14:00:00,25.0,73.33333333333333,5.233333333333333,76.33333333333333,0.9,Cerah Berawan,-0.4999999999999997,-0.8660254037844388,26.0,66.0,6.1,25.88888888888889,67.0,1
35.73.05.1009,Mojolangu,2026-09-30 15:00:00,24.0,80.66666666666667,4.366666666666666,67.66666666666667,0.9,Cerah Berawan,-0.7071067811865471,-0.7071067811865479,25.0,73.33333333333333,5.233333333333333,25.0,73.33333333333333,1
35.73.05.1009,Mojolangu,2026-09-30 16:00:00,23.0,88.0,3.5,59.0,0.9,Cerah,-0.8660254037844384,-0.5000000000000004,24.0,80.66666666666667,4.366666666666666,24.0,80.66666666666667,1
35.73.05.1009,Mojolangu,2026-09-30 17:00:00,22.333333333333332,90.66666666666667,3.5,60.333333333333336,0.6000000000000001,Cerah,-0.9659258262890683,-0.25881904510252063,23.0,88.0,3.5,23.11111111111111,86.44444444444446,1
35.73.05.1009,Mojolangu,2026-09-30 18:00:00,21.666666666666668,93.33333333333333,3.5,61.666666666666664,0.30000000000000004,Cerah,-1.0,-1.8369701987210297e-16,22.333333333333332,90.66666666666667,3.5,22.333333333333332,90.66666666666667,1
35.73.05.1009,Mojolangu,2026-09-30 19:00:00,21.0,96.0,3.5,63.0,0.0,Cerah Berawan,-0.9659258262890684,0.2588190451025203,21.666666666666668,93.33333333333333,3.5,21.666666666666668,93.33333333333333,0
35.73.05.1009,Mojolangu,2026-09-30 20:00:00,20.666666666666668,96.33333333333333,3.1,54.333333333333336,0.0,Cerah Berawan,-0.8660254037844386,0.5000000000000001,21.0,96.0,3.5,21.111111111111114,95.22222222222221,0
35.73.05.1009,Mojolangu,2026-09-30 21:00:00,20.333333333333332,96.66666666666667,2.6999999999999997,45.66666666666667,0.0,Cerah Berawan,-0.7071067811865477,0.7071067811865474,20.666666666666668,96.33333333333333,3.1,20.666666666666668,96.33333333333333,0
35.73.05.1009,Mojolangu,2026-09-30 22:00:00,20.0,97.0,2.3,37.0,0.0,Udara Kabur,-0.5000000000000004,0.8660254037844384,20.333333333333332,96.66666666666667,2.6999999999999997,20.333333333333332,96.66666666666667,0
35.73.05.1010,Tulusrejo,2026-09-28 20:00:00,21.0,95.0,1.7,95.0,0.0,Udara Kabur,-0.8660254037844386,0.5000000000000001,,,,,,0
35.73.05.1010,Tulusrejo,2026-09-28 21:00:00,20.666666666666668,94.66666666666667,2.033333333333333,89.0,0.0,Udara Kabur,-0.7071067811865477,0.7071067811865474,21.0,95.0,1.7,,,0
35.73.05.1010,Tulusrejo,2026-09-28 22:00:00,20.333333333333332,94.33333333333333,2.3666666666666667,83.0,0.0,Udara Kabur,-0.5000000000000004,0.8660254037844384,20.666666666666668,94.66666666666667,2.033333333333333,20.666666666666668,94.66666666666667,0
35.73.05.1010,Tulusrejo,2026-09-28 23:00:00,20.0,94.0,2.7,77.0,0.0,Udara Kabur,-0.25881904510252157,0.9659258262890681,20.333333333333332,94.33333333333333,2.3666666666666667,20.333333333333332,94.33333333333333,0
35.73.05.1010,Tulusrejo,2026-09-29 00:00:00,20.0,92.33333333333333,2.666666666666667,62.333333333333336,0.0,Udara Kabur,0.0,1.0,20.0,94.0,2.7,20.11111111111111,93.55555555555554,0
35.73.05.1010,Tulusrejo,2026-09-29 01:00:00,20.0,90.66666666666667,2.6333333333333333,47.66666666666667,0.0,Udara Kabur,0.25881904510252074,0.9659258262890683,20.0,92.33333333333333,2.666666666666667,20.0,92.33333333333333,0
35.73.05.1010,Tulusrejo,2026-09-29 02:00:00,20.0,89.0,2.6,33.0,0.0,Udara Kabur,0.49999999999999994,0.8660254037844387,20.0,90.66666666666667,2.6333333333333333,20.0,90.66666666666667,0
35.73.05.1010,Tulusrejo,2026-09-29 03:00:00,20.333333333333332,86.66666666666667,2.3,24.666666666666664,0.0,Udara Kabur,0.7071067811865475,0.7071067811865476,20.0,89.0,2.6,20.11111111111111,88.77777777777779,0
35.73.05.1010,Tulusrejo,2026-09-29 04:00:00,20.666666666666668,84.33333333333333,2.0,16.333333333333332,0.0,Udara Kabur,0.8660254037844386,0.5000000000000001,20.333333333333332,86.66666666666667,2.3,20.333333333333332,86.66666666666667,0
35.73.05.1010,Tulusrejo,2026-09-29 05:00:00,21.0,82.0,1.7,8.0,0.0,Cerah,0.9659258262890683,0.25881904510252074,20.666666666666668,84.33333333333333,2.0,20.666666666666668,84.33333333333333,0
35.73.05.1010,Tulusrejo,2026-09-29 06:00:00,23.0,73.66666666666667,3.6,9.333333333333334,0.0,Cerah,1.0,6.123233995736766e-17,21.0,82.0,1.7,21.555555555555557,80.0,0
35.73.05.1010,Tulusrejo,2026-09-29 07:00:00,25.0,65.33333333333333,5.5,10.666666666666666,0.0,Cerah,0.9659258262890683,-0.25881904510252063,23.0,73.66666666666667,3.6,23.0,73.66666666666667,0
35.73.05.1010,Tulusrejo,2026-09-29 08:00:00,27.0,57.0,7.4,12.0,0.0,Cerah,0.8660254037844387,-0.4999999999999998,25.0,65.33333333333333,5.5,25.0,65.33333333333333,0
35.73.05.1010,Tulusrejo,2026-09-29 09:00:00,28.0,52.666666666666664,6.9,19.0,0.0,Cerah,0.7071067811865476,-0.7071067811865475,27.0,57.0,7.4,26.666666666666668,58.333333333333336,0
35.73.05.1010,Tulusrejo,2026-09-29 10:00:00,29.0,48.333333333333336,6.4,26.0,0.0,Cerah,0.49999999999999994,-0.8660254037844387,28.0,52.666666666666664,6.9,28.0,52.666666666666664,0
35.73.05.1010,Tulusrejo,2026-09-29 11:00:00,30.0,44.0,5.9,33.0,0.0,Cerah,0.258819045102521,-0.9659258262890682,29.0,48.333333333333336,6.4,29.0,48.333333333333336,0
35.73.05.1010,Tulusrejo,2026-09-29 12:00:00,29.666666666666668,44.0,6.166666666666667,37.0,0.0,Cerah,1.2246467991473532e-16,-1.0,30.0,44.0,5.9,29.555555555555557,45.44444444444445,0
35.73.05.1010,Tulusrejo,2026-09-29 13:00:00,29.333333333333332,44.0,6.433333333333334,41.0,0.0,Cerah,-0.2588190451025208,-0.9659258262890683,29.666666666666668,44.0,6.166666666666667,29.666666666666668,44.0,0
35.73.05.1010,Tulusrejo,2026-09-29 14:00:00,29.0,44.0,6.7,45.0,0.0,Cerah,-0.4999999999999997,-0.8660254037844388,29.333333333333332,44.0,6.433333333333334,29.333333333333332,44.0,0
35.73.05.1010,Tulusrejo,2026-09-29 15:00:00,27.0,54.666666666666664,6.0,42.333333333333336,0.0,Cerah,-0.7071067811865471,-0.7071067811865479,29.0,44.0,6.7,28.444444444444443,47.55555555555555,0
35.73.05.1010,Tulusrejo,2026-09-29 16:00:00,25.0,65.33333333333333,5.3,39.666666666666664,0.0,Cerah,-0.8660254037844384,-0.5000000000000004,27.0,54.666666666666664,6.0,27.0,54.666666666666664,0
35.73.05.1010,Tulusrejo,2026-09-29 17:00:00,23.0,76.0,4.6,37.0,0.0,Cerah,-0.9659258262890683,-0.25881904510252063,25.0,65.33333333333333,5.3,25.0,65.33333333333333,0
35.73.05.1010,Tulusrejo,2026-09-29 18:00:00,22.333333333333332,81.0,3.6999999999999997,31.666666666666668,0.0,Cerah,-1.0,-1.8369701987210297e-16,23.0,76.0,4.6,23.444444444444443,74.11111111111111,0
35.73.05.1010,Tulusrejo,2026-09-29 19:00:00,21.666666666666668,86.0,2.8,26.333333333333336,0.0,Cerah,-0.9659258262890684,0.2588190451025203,22.333333333333332,81.0,3.6999999999999997,22.333333333333332,81.0,0
35.73.05.1010,Tulusrejo,2026-09-29 20:00:00,21.0,91.0,1.9,21.0,0.0,Cerah,-0.8660254037844386,0.5000000000000001,21.666666666666668,86.0,2.8,21.666666666666668,86.0,0
35.73.05.1010,Tulusrejo,2026-09-29 21:00:00,20.666666666666668,92.0,1.8,28.0,0.0,Cerah,-0.7071067811865477,0.7071067811865474,21.0,91.0,1.9,21.111111111111114,89.66666666666667,0
35.73.05.1010,Tulusrejo,2026-09-29 22:00:00,20.333333333333332,93.0,1.7,35.0,0.0,Cerah,-0.5000000000000004,0.8660254037844384,20.666666666666668,92.0,1.8,20.666666666666668,92.0,0
35.73.05.1010,Tulusrejo,2026-09-29 23:00:00,20.0,94.0,1.6,42.0,0.0,Udara Kabur,-0.25881904510252157,0.9659258262890681,20.333333333333332,93.0,1.7,20.333333333333332,93.0,0
35.73.05.1010,Tulusrejo,2026-09-30 00:00:00,19.666666666666668,93.33333333333333,1.5333333333333334,59.66666666666667,0.0,Udara Kabur,0.0,1.0,20.0,94.0,1.6,20.0,93.44444444444444,0
35.73.05.1010,Tulusrejo,2026-09-30 01:00:00,19.333333333333332,92.66666666666667,1.4666666666666666,77.33333333333334,0.0,Udara Kabur,0.25881904510252074,0.9659258262890683,19.666666666666668,93.33333333333333,1.5333333333333334,19.666666666666668,93.33333333333333,0
35.73.05.1010,Tulusrejo,2026-09-30 02:00:00,19.0,92.0,1.4,95.0,0.0,Udara Kabur,0.49999999999999994,0.8660254037844387,19.333333333333332,92.66666666666667,1.4666666666666666,19.333333333333332,92.66666666666667,0
35.73.05.1010,Tulusrejo,2026-09-30 03:00:00,19.333333333333332,89.0,1.3,90.33333333333333,0.0,Udara Kabur,0.7071067811865475,0.7071067811865476,19.0,92.0,1.4,19.222222222222218,91.22222222222223,0
35.73.05.1010,Tulusrejo,2026-09-30 04:00:00,19.666666666666668,86.0,1.2,85.66666666666667,0.0,Udara Kabur,0.8660254037844386,0.5000000000000001,19.333333333333332,89.0,1.3,19.333333333333332,89.0,0
35.73.05.1010,Tulusrejo,2026-09-30 05:00:00,20.0,83.0,1.1,81.0,0.0,Cerah Berawan,0.9659258262890683,0.25881904510252074,19.666666666666668,86.0,1.2,19.666666666666668,86.0,0
35.73.05.1010,Tulusrejo,2026-09-30 06:00:00,22.0,75.66666666666667,1.1,63.0,0.06666666666666667,Cerah Berawan,1.0,6.123233995736766e-17,20.0,83.0,1.1,20.555555555555557,81.55555555555556,1
35.73.05.1010,Tulusrejo,2026-09-30 07:00:00,24.0,68.33333333333333,1.1,45.0,0.13333333333333333,Cerah Berawan,0.9659258262890683,-0.25881904510252063,22.0,75.66666666666667,1.1,22.0,75.66666666666667,1
35.73.05.1010,Tulusrejo,2026-09-30 08:00:00,26.0,61.0,1.1,27.0,0.2,Cerah,0.8660254037844387,-0.4999999999999998,24.0,68.33333333333333,1.1,24.0,68.33333333333333,1
35.73.05.1010,Tulusrejo,2026-09-30 09:00:00,27.0,57.666666666666664,2.066666666666667,43.0,0.2,Cerah,0.7071067811865476,-0.7071067811865475,26.0,61.0,1.1,25.666666666666668,62.33333333333332,1
35.73.05.1010,Tulusrejo,2026-09-30 10:00:00,28.0,54.333333333333336,3.033333333333333,59.0,0.2,Cerah,0.49999999999999994,-0.8660254037844387,27.0,57.666666666666664,2.066666666666667,27.0,57.666666666666664,1
35.73.05.1010,Tulusrejo,2026-09-30 11:00:00,29.0,51.0,4.0,75.0,0.2,Cerah Berawan,0.258819045102521,-0.9659258262890682,28.0,54.333333333333336,3.033333333333333,28.0,54.333333333333336,1
35.73.05.1010,Tulusrejo,2026-09-30 12:00:00,27.666666666666668,59.0,4.0,72.0,0.43333333333333335,Cerah Berawan,1.2246467991473532e-16,-1.0,29.0,51.0,4.0,28.222222222222225,54.77777777777778,1
35.73.05.1010,Tulusrejo,2026-09-30 13:00:00,26.333333333333332,67.0,4.0,69.0,0.6666666666666666,Cerah Berawan,-0.2588190451025208,-0.9659258262890683,27.666666666666668,59.0,4.0,27.666666666666668,59.0,1
35.73.05.1010,Tulusrejo,2026-09-30 14:00:00,25.0,75.0,4.0,66.0,0.9,Cerah Berawan,-0.4999999999999997,-0.8660254037844388,26.333333333333332,67.0,4.0,26.333333333333332,67.0,1
35.73.05.1010,Tulusrejo,2026-09-30 15:00:00,24.0,81.33333333333333,4.233333333333333,68.66666666666667,0.9,Cerah Berawan,-0.7071067811865471,-0.7071067811865479,25.0,75.0,4.0,25.11111111111111,74.44444444444444,1
35.73.05.1010,Tulusrejo,2026-09-30 16:00:00,23.0,87.66666666666667,4.466666666666667,71.33333333333333,0.9,Cerah Berawan,-0.8660254037844384,-0.5000000000000004,24.0,81.33333333333333,4.233333333333333,24.0,81.33333333333333,1
35.73.05.1010,Tulusrejo,2026-09-30 17:00:00,22.0,94.0,4.7,74.0,0.9,Cerah Berawan,-0.9659258262890683,-0.25881904510252063,23.0,87.66666666666667,4.466666666666667,23.0,87.66666666666667,1
35.73.05.1010,Tulusrejo,2026-09-30 18:00:00,21.666666666666668,95.0,4.7,69.0,0.6000000000000001,Cerah Berawan,-1.0,-1.8369701987210297e-16,22.0,94.0,4.7,22.222222222222225,92.22222222222223,1
35.73.05.1010,Tulusrejo,2026-09-30 19:00:00,21.333333333333332,96.0,4.7,64.0,0.30000000000000004,Cerah Berawan,-0.9659258262890684,0.2588190451025203,21.666666666666668,95.0,4.7,21.666666666666668,95.0,1
35.73.05.1010,Tulusrejo,2026-09-30 20:00:00,21.0,97.0,4.7,59.0,0.0,Cerah,-0.8660254037844386,0.5000000000000001,21.333333333333332,96.0,4.7,21.333333333333332,96.0,0
35.73.05.1010,Tulusrejo,2026-09-30 21:00:00,21.0,97.0,4.1,51.0,0.0,Cerah,-0.7071067811865477,0.7071067811865474,21.0,97.0,4.7,21.11111111111111,96.66666666666667,0
35.73.05.1010,Tulusrejo,2026-09-30 22:00:00,21.0,97.0,3.5,43.0,0.0,Cerah,-0.5000000000000004,0.8660254037844384,21.0,97.0,4.1,21.0,97.0,0
35.73.05.1010,Tulusrejo,2026-09-30 23:00:00,21.0,97.0,2.9,35.0,0.0,Udara Kabur,-0.25881904510252157,0.9659258262890681,21.0,97.0,3.5,21.0,97.0,0
35.73.05.1011,Lowokwaru,2026-09-28 20:00:00,21.0,95.0,1.7,95.0,0.0,Udara Kabur,-0.8660254037844386,0.5000000000000001,,,,,,0
35.73.05.1011,Lowokwaru,2026-09-28 21:00:00,20.666666666666668,94.66666666666667,2.033333333333333,89.0,0.0,Udara Kabur,-0.7071067811865477,0.7071067811865474,21.0,95.0,1.7,,,0
35.73.05.1011,Lowokwaru,2026-09-28 22:00:00,20.333333333333332,94.33333333333333,2.3666666666666667,83.0,0.0,Udara Kabur,-0.5000000000000004,0.8660254037844384,20.666666666666668,94.66666666666667,2.033333333333333,20.666666666666668,94.66666666666667,0
35.73.05.1011,Lowokwaru,2026-09-28 23:00:00,20.0,94.0,2.7,77.0,0.0,Udara Kabur,-0.25881904510252157,0.9659258262890681,20.333333333333332,94.33333333333333,2.3666666666666667,20.333333333333332,94.33333333333333,0
35.73.05.1011,Lowokwaru,2026-09-29 00:00:00,20.0,92.33333333333333,2.666666666666667,62.333333333333336,0.0,Udara Kabur,0.0,1.0,20.0,94.0,2.7,20.11111111111111,93.55555555555554,0
35.73.05.1011,Lowokwaru,2026-09-29 01:00:00,20.0,90.66666666666667,2.6333333333333333,47.66666666666667,0.0,Udara Kabur,0.25881904510252074,0.9659258262890683,20.0,92.33333333333333,2.666666666666667,20.0,92.33333333333333,0
35.73.05.1011,Lowokwaru,2026-09-29 02:00:00,20.0,89.0,2.6,33.0,0.0,Udara Kabur,0.49999999999999994,0.8660254037844387,20.0,90.66666666666667,2.6333333333333333,20.0,90.66666666666667,0
35.73.05.1011,Lowokwaru,2026-09-29 03:00:00,20.333333333333332,86.66666666666667,2.3,24.666666666666664,0.0,Udara Kabur,0.7071067811865475,0.7071067811865476,20.0,89.0,2.6,20.11111111111111,88.77777777777779,0
35.73.05.1011,Lowokwaru,2026-09-29 04:00:00,20.666666666666668,84.33333333333333,2.0,16.333333333333332,0.0,Udara Kabur,0.8660254037844386,0.5000000000000001,20.333333333333332,86.66666666666667,2.3,20.333333333333332,86.66666666666667,0
35.73.05.1011,Lowokwaru,2026-09-29 05:00:00,21.0,82.0,1.7,8.0,0.0,Cerah,0.9659258262890683,0.25881904510252074,20.666666666666668,84.33333333333333,2.0,20.666666666666668,84.33333333333333,0
35.73.05.1011,Lowokwaru,2026-09-29 06:00:00,23.0,73.66666666666667,3.6,9.333333333333334,0.0,Cerah,1.0,6.123233995736766e-17,21.0,82.0,1.7,21.555555555555557,80.0,0
35.73.05.1011,Lowokwaru,2026-09-29 07:00:00,25.0,65.33333333333333,5.5,10.666666666666666,0.0,Cerah,0.9659258262890683,-0.25881904510252063,23.0,73.66666666666667,3.6,23.0,73.66666666666667,0
35.73.05.1011,Lowokwaru,2026-09-29 08:00:00,27.0,57.0,7.4,12.0,0.0,Cerah,0.8660254037844387,-0.4999999999999998,25.0,65.33333333333333,5.5,25.0,65.33333333333333,0
35.73.05.1011,Lowokwaru,2026-09-29 09:00:00,28.0,52.666666666666664,6.9,19.0,0.0,Cerah,0.7071067811865476,-0.7071067811865475,27.0,57.0,7.4,26.666666666666668,58.333333333333336,0
35.73.05.1011,Lowokwaru,2026-09-29 10:00:00,29.0,48.333333333333336,6.4,26.0,0.0,Cerah,0.49999999999999994,-0.8660254037844387,28.0,52.666666666666664,6.9,28.0,52.666666666666664,0
35.73.05.1011,Lowokwaru,2026-09-29 11:00:00,30.0,44.0,5.9,33.0,0.0,Cerah,0.258819045102521,-0.9659258262890682,29.0,48.333333333333336,6.4,29.0,48.333333333333336,0
35.73.05.1011,Lowokwaru,2026-09-29 12:00:00,29.666666666666668,44.0,6.166666666666667,37.0,0.0,Cerah,1.2246467991473532e-16,-1.0,30.0,44.0,5.9,29.555555555555557,45.44444444444445,0
35.73.05.1011,Lowokwaru,2026-09-29 13:00:00,29.333333333333332,44.0,6.433333333333334,41.0,0.0,Cerah,-0.2588190451025208,-0.9659258262890683,29.666666666666668,44.0,6.166666666666667,29.666666666666668,44.0,0
35.73.05.1011,Lowokwaru,2026-09-29 14:00:00,29.0,44.0,6.7,45.0,0.0,Cerah,-0.4999999999999997,-0.8660254037844388,29.333333333333332,44.0,6.433333333333334,29.333333333333332,44.0,0
35.73.05.1011,Lowokwaru,2026-09-29 15:00:00,27.0,54.666666666666664,6.0,42.333333333333336,0.0,Cerah,-0.7071067811865471,-0.7071067811865479,29.0,44.0,6.7,28.444444444444443,47.55555555555555,0
35.73.05.1011,Lowokwaru,2026-09-29 16:00:00,25.0,65.33333333333333,5.3,39.666666666666664,0.0,Cerah,-0.8660254037844384,-0.5000000000000004,27.0,54.666666666666664,6.0,27.0,54.666666666666664,0
35.73.05.1011,Lowokwaru,2026-09-29 17:00:00,23.0,76.0,4.6,37.0,0.0,Cerah,-0.9659258262890683,-0.25881904510252063,25.0,65.33333333333333,5.3,25.0,65.33333333333333,0
35.73.05.1011,Lowokwaru,2026-09-29 18:00:00,22.333333333333332,81.0,3.6999999999999997,31.666666666666668,0.0,Cerah,-1.0,-1.8369701987210297e-16,23.0,76.0,4.6,23.444444444444443,74.11111111111111,0
35.73.05.1011,Lowokwaru,2026-09-29 19:00:00,21.666666666666668,86.0,2.8,26.333333333333336,0.0,Cerah,-0.9659258262890684,0.2588190451025203,22.333333333333332,81.0,3.6999999999999997,22.333333333333332,81.0,0
35.73.05.1011,Lowokwaru,2026-09-29 20:00:00,21.0,91.0,1.9,21.0,0.0,Cerah,-0.8660254037844386,0.5000000000000001,21.666666666666668,86.0,2.8,21.666666666666668,86.0,0
35.73.05.1011,Lowokwaru,2026-09-29 21:00:00,20.666666666666668,92.0,1.8,28.0,0.0,Cerah,-0.7071067811865477,0.7071067811865474,21.0,91.0,1.9,21.111111111111114,89.66666666666667,0
35.73.05.1011,Lowokwaru,2026-09-29 22:00:00,20.333333333333332,93.0,1.7,35.0,0.0,Cerah,-0.5000000000000004,0.8660254037844384,20.666666666666668,92.0,1.8,20.666666666666668,92.0,0
35.73.05.1011,Lowokwaru,2026-09-29 23:00:00,20.0,94.0,1.6,42.0,0.0,Udara Kabur,-0.25881904510252157,0.9659258262890681,20.333333333333332,93.0,1.7,20.333333333333332,93.0,0
35.73.05.1011,Lowokwaru,2026-09-30 00:00:00,19.666666666666668,93.33333333333333,1.5333333333333334,59.66666666666667,0.0,Udara Kabur,0.0,1.0,20.0,94.0,1.6,20.0,93.44444444444444,0
35.73.05.1011,Lowokwaru,2026-09-30 01:00:00,19.333333333333332,92.66666666666667,1.4666666666666666,77.33333333333334,0.0,Udara Kabur,0.25881904510252074,0.9659258262890683,19.666666666666668,93.33333333333333,1.5333333333333334,19.666666666666668,93.33333333333333,0
35.73.05.1011,Lowokwaru,2026-09-30 02:00:00,19.0,92.0,1.4,95.0,0.0,Udara Kabur,0.49999999999999994,0.8660254037844387,19.333333333333332,92.66666666666667,1.4666666666666666,19.333333333333332,92.66666666666667,0
35.73.05.1011,Lowokwaru,2026-09-30 03:00:00,19.333333333333332,89.0,1.3,90.33333333333333,0.0,Udara Kabur,0.7071067811865475,0.7071067811865476,19.0,92.0,1.4,19.222222222222218,91.22222222222223,0
35.73.05.1011,Lowokwaru,2026-09-30 04:00:00,19.666666666666668,86.0,1.2,85.66666666666667,0.0,Udara Kabur,0.8660254037844386,0.5000000000000001,19.333333333333332,89.0,1.3,19.333333333333332,89.0,0
35.73.05.1011,Lowokwaru,2026-09-30 05:00:00,20.0,83.0,1.1,81.0,0.0,Cerah Berawan,0.9659258262890683,0.25881904510252074,19.666666666666668,86.0,1.2,19.666666666666668,86.0,0
35.73.05.1011,Lowokwaru,2026-09-30 06:00:00,22.0,75.66666666666667,1.1,63.0,0.06666666666666667,Cerah Berawan,1.0,6.123233995736766e-17,20.0,83.0,1.1,20.555555555555557,81.55555555555556,1
35.73.05.1011,Lowokwaru,2026-09-30 07:00:00,24.0,68.33333333333333,1.1,45.0,0.13333333333333333,Cerah Berawan,0.9659258262890683,-0.25881904510252063,22.0,75.66666666666667,1.1,22.0,75.66666666666667,1
35.73.05.1011,Lowokwaru,2026-09-30 08:00:00,26.0,61.0,1.1,27.0,0.2,Cerah,0.8660254037844387,-0.4999999999999998,24.0,68.33333333333333,1.1,24.0,68.33333333333333,1
35.73.05.1011,Lowokwaru,2026-09-30 09:00:00,27.0,57.666666666666664,2.066666666666667,43.0,0.2,Cerah,0.7071067811865476,-0.7071067811865475,26.0,61.0,1.1,25.666666666666668,62.33333333333332,1
35.73.05.1011,Lowokwaru,2026-09-30 10:00:00,28.0,54.333333333333336,3.033333333333333,59.0,0.2,Cerah,0.49999999999999994,-0.8660254037844387,27.0,57.666666666666664,2.066666666666667,27.0,57.666666666666664,1
35.73.05.1011,Lowokwaru,2026-09-30 11:00:00,29.0,51.0,4.0,75.0,0.2,Cerah Berawan,0.258819045102521,-0.9659258262890682,28.0,54.333333333333336,3.033333333333333,28.0,54.333333333333336,1
35.73.05.1011,Lowokwaru,2026-09-30 12:00:00,27.666666666666668,59.0,4.0,72.0,0.43333333333333335,Cerah Berawan,1.2246467991473532e-16,-1.0,29.0,51.0,4.0,28.222222222222225,54.77777777777778,1
35.73.05.1011,Lowokwaru,2026-09-30 13:00:00,26.333333333333332,67.0,4.0,69.0,0.6666666666666666,Cerah Berawan,-0.2588190451025208,-0.9659258262890683,27.666666666666668,59.0,4.0,27.666666666666668,59.0,1
35.73.05.1011,Lowokwaru,2026-09-30 14:00:00,25.0,75.0,4.0,66.0,0.9,Cerah Berawan,-0.4999999999999997,-0.8660254037844388,26.333333333333332,67.0,4.0,26.333333333333332,67.0,1
35.73.05.1011,Lowokwaru,2026-09-30 15:00:00,24.0,81.33333333333333,4.233333333333333,68.66666666666667,0.9,Cerah Berawan,-0.7071067811865471,-0.7071067811865479,25.0,75.0,4.0,25.11111111111111,74.44444444444444,1
35.73.05.1011,Lowokwaru,2026-09-30 16:00:00,23.0,87.66666666666667,4.466666666666667,71.33333333333333,0.9,Cerah Berawan,-0.8660254037844384,-0.5000000000000004,24.0,81.33333333333333,4.233333333333333,24.0,81.33333333333333,1
35.73.05.1011,Lowokwaru,2026-09-30 17:00:00,22.0,94.0,4.7,74.0,0.9,Cerah Berawan,-0.9659258262890683,-0.25881904510252063,23.0,87.66666666666667,4.466666666666667,23.0,87.66666666666667,1
35.73.05.1011,Lowokwaru,2026-09-30 18:00:00,21.666666666666668,95.0,4.7,69.0,0.6000000000000001,Cerah Berawan,-1.0,-1.8369701987210297e-16,22.0,94.0,4.7,22.222222222222225,92.22222222222223,1
35.73.05.1011,Lowokwaru,2026-09-30 19:00:00,21.333333333333332,96.0,4.7,64.0,0.30000000000000004,Cerah Berawan,-0.9659258262890684,0.2588190451025203,21.666666666666668,95.0,4.7,21.666666666666668,95.0,1
35.73.05.1011,Lowokwaru,2026-09-30 20:00:00,21.0,97.0,4.7,59.0,0.0,Cerah,-0.8660254037844386,0.5000000000000001,21.333333333333332,96.0,4.7,21.333333333333332,96.0,0
35.73.05.1011,Lowokwaru,2026-09-30 21:00:00,21.0,97.0,4.1,51.0,0.0,Cerah,-0.7071067811865477,0.7071067811865474,21.0,97.0,4.7,21.11111111111111,96.66666666666667,0
35.73.05.1011,Lowokwaru,2026-09-30 22:00:00,21.0,97.0,3.5,43.0,0.0,Cerah,-0.5000000000000004,0.8660254037844384,21.0,97.0,4.1,21.0,97.0,0
35.73.05.1011,Lowokwaru,2026-09-30 23:00:00,21.0,97.0,2.9,35.0,0.0,Udara Kabur,-0.25881904510252157,0.9659258262890681,21.0,97.0,3.5,21.0,97.0,0
35.73.05.1012,Tasik Madu,2026-09-28 20:00:00,21.0,95.0,1.4,95.0,0.0,Udara Kabur,-0.8660254037844386,0.5000000000000001,,,,,,0
35.73.05.1012,Tasik Madu,2026-09-28 21:00:00,20.333333333333332,95.0,2.1333333333333333,89.66666666666667,0.0,Udara Kabur,-0.7071067811865477,0.7071067811865474,21.0,95.0,1.4,,,0
35.73.05.1012,Tasik Madu,2026-09-28 22:00:00,19.666666666666668,95.0,2.8666666666666667,84.33333333333333,0.0,Udara Kabur,-0.5000000000000004,0.8660254037844384,20.333333333333332,95.0,2.1333333333333333,20.333333333333332,95.0,0
35.73.05.1012,Tasik Madu,2026-09-28 23:00:00,19.0,95.0,3.6,79.0,0.0,Udara Kabur,-0.25881904510252157,0.9659258262890681,19.666666666666668,95.0,2.8666666666666667,19.666666666666668,95.0,0
35.73.05.1012,Tasik Madu,2026-09-29 00:00:00,19.0,93.33333333333333,3.2333333333333334,62.66666666666667,0.0,Udara Kabur,0.0,1.0,19.0,95.0,3.6,19.222222222222225,94.44444444444444,0
35.73.05.1012,Tasik Madu,2026-09-29 01:00:00,19.0,91.66666666666667,2.8666666666666667,46.333333333333336,0.0,Udara Kabur,0.25881904510252074,0.9659258262890683,19.0,93.33333333333333,3.2333333333333334,19.0,93.33333333333333,0
35.73.05.1012,Tasik Madu,2026-09-29 02:00:00,19.0,90.0,2.5,30.0,0.0,Udara Kabur,0.49999999999999994,0.8660254037844387,19.0,91.66666666666667,2.8666666666666667,19.0,91.66666666666667,0
35.73.05.1012,Tasik Madu,2026-09-29 03:00:00,19.333333333333332,87.33333333333333,2.033333333333333,22.333333333333332,0.0,Udara Kabur,0.7071067811865475,0.7071067811865476,19.0,90.0,2.5,19.11111111111111,89.66666666666667,0
35.73.05.1012,Tasik Madu,2026-09-29 04:00:00,19.666666666666668,84.66666666666667,1.5666666666666669,14.666666666666666,0.0,Udara Kabur,0.8660254037844386,0.5000000000000001,19.333333333333332,87.33333333333333,2.033333333333333,19.333333333333332,87.33333333333333,0
35.73.05.1012,Tasik Madu,2026-09-29 05:00:00,20.0,82.0,1.1,7.0,0.0,Cerah,0.9659258262890683,0.25881904510252074,19.666666666666668,84.66666666666667,1.5666666666666669,19.666666666666668,84.66666666666667,0
35.73.05.1012,Tasik Madu,2026-09-29 06:00:00,22.333333333333332,73.0,3.966666666666667,8.666666666666666,0.0,Cerah,1.0,6.123233995736766e-17,20.0,82.0,1.1,20.666666666666668,79.8888888888889,0
35.73.05.1012,Tasik Madu,2026-09-29 07:00:00,24.666666666666668,64.0,6.833333333333334,10.333333333333334,0.0,Cerah,0.9659258262890683,-0.25881904510252063,22.333333333333332,73.0,3.966666666666667,22.333333333333332,73.0,0
35.73.05.1012,Tasik Madu,2026-09-29 08:00:00,27.0,55.0,9.7,12.0,0.0,Cerah,0.8660254037844387,-0.4999999999999998,24.666666666666668,64.0,6.833333333333334,24.666666666666668,64.0,0
35.73.05.1012,Tasik Madu,2026-09-29 09:00:00,28.0,51.333333333333336,9.666666666666666,19.666666666666668,0.0,Cerah,0.7071067811865476,-0.7071067811865475,27.0,55.0,9.7,26.555555555555557,56.77777777777778,0
35.73.05.1012,Tasik Madu,2026-09-29 10:00:00,29.0,47.666666666666664,9.633333333333333,27.333333333333336,0.0,Cerah,0.49999999999999994,-0.8660254037844387,28.0,51.333333333333336,9.666666666666666,28.0,51.333333333333336,0
35.73.05.1012,Tasik Madu,2026-09-29 11:00:00,30.0,44.0,9.6,35.0,0.0,Cerah,0.258819045102521,-0.9659258262890682,29.0,47.666666666666664,9.633333333333333,29.0,47.666666666666664,0
35.73.05.1012,Tasik Madu,2026-09-29 12:00:00,29.333333333333332,44.0,8.733333333333333,38.333333333333336,0.0,Cerah,1.2246467991473532e-16,-1.0,30.0,44.0,9.6,29.444444444444443,45.22222222222222,0
35.73.05.1012,Tasik Madu,2026-09-29 13:00:00,28.666666666666668,44.0,7.866666666666666,41.666666666666664,0.0,Cerah,-0.2588190451025208,-0.9659258262890683,29.333333333333332,44.0,8.733333333333333,29.333333333333332,44.0,0
35.73.05.1012,Tasik Madu,2026-09-29 14:00:00,28.0,44.0,7.0,45.0,0.0,Cerah,-0.4999999999999997,-0.8660254037844388,28.666666666666668,44.0,7.866666666666666,28.666666666666668,44.0,0
35.73.05.1012,Tasik Madu,2026-09-29 15:00:00,26.333333333333332,54.333333333333336,6.0,43.0,0.0,Cerah,-0.7071067811865471,-0.7071067811865479,28.0,44.0,7.0,27.666666666666668,47.44444444444445,0
35.73.05.1012,Tasik Madu,2026-09-29 16:00:00,24.666666666666668,64.66666666666667,5.0,41.0,0.0,Cerah,-0.8660254037844384,-0.5000000000000004,26.333333333333332,54.333333333333336,6.0,26.333333333333332,54.333333333333336,0
35.73.05.1012,Tasik Madu,2026-09-29 17:00:00,23.0,75.0,4.0,39.0,0.0,Cerah,-0.9659258262890683,-0.25881904510252063,24.666666666666668,64.66666666666667,5.0,24.666666666666668,64.66666666666667,0
35.73.05.1012,Tasik Madu,2026-09-29 18:00:00,22.333333333333332,80.66666666666667,3.3333333333333335,34.0,0.0,Cerah,-1.0,-1.8369701987210297e-16,23.0,75.0,4.0,23.333333333333332,73.44444444444444,0
35.73.05.1012,Tasik Madu,2026-09-29 19:00:00,21.666666666666668,86.33333333333333,2.666666666666667,29.0,0.0,Cerah,-0.9659258262890684,0.2588190451025203,22.333333333333332,80.66666666666667,3.3333333333333335,22.333333333333332,80.66666666666667,0
35.73.05.1012,Tasik Madu,2026-09-29 20:00:00,21.0,92.0,2.0,24.0,0.0,Cerah,-0.8660254037844386,0.5000000000000001,21.666666666666668,86.33333333333333,2.666666666666667,21.666666666666668,86.33333333333333,0
35.73.05.1012,Tasik Madu,2026-09-29 21:00:00,20.666666666666668,92.66666666666667,1.8666666666666667,30.666666666666668,0.0,Cerah,-0.7071067811865477,0.7071067811865474,21.0,92.0,2.0,21.111111111111114,90.33333333333333,0
35.73.05.1012,Tasik Madu,2026-09-29 22:00:00,20.333333333333332,93.33333333333333,1.7333333333333334,37.333333333333336,0.0,Cerah,-0.5000000000000004,0.8660254037844384,20.666666666666668,92.66666666666667,1.8666666666666667,20.666666666666668,92.66666666666667,0
35.73.05.1012,Tasik Madu,2026-09-29 23:00:00,20.0,94.0,1.6,44.0,0.0,Udara Kabur,-0.25881904510252157,0.9659258262890681,20.333333333333332,93.33333333333333,1.7333333333333334,20.333333333333332,93.33333333333333,0
35.73.05.1012,Tasik Madu,2026-09-30 00:00:00,19.666666666666668,93.33333333333333,1.5666666666666667,61.33333333333333,0.0,Udara Kabur,0.0,1.0,20.0,94.0,1.6,20.0,93.55555555555554,0
35.73.05.1012,Tasik Madu,2026-09-30 01:00:00,19.333333333333332,92.66666666666667,1.5333333333333334,78.66666666666666,0.0,Udara Kabur,0.25881904510252074,0.9659258262890683,19.666666666666668,93.33333333333333,1.5666666666666667,19.666666666666668,93.33333333333333,0
35.73.05.1012,Tasik Madu,2026-09-30 02:00:00,19.0,92.0,1.5,96.0,0.0,Udara Kabur,0.49999999999999994,0.8660254037844387,19.333333333333332,92.66666666666667,1.5333333333333334,19.333333333333332,92.66666666666667,0
35.73.05.1012,Tasik Madu,2026-09-30 03:00:00,19.333333333333332,88.66666666666667,1.4333333333333333,90.66666666666667,0.0,Udara Kabur,0.7071067811865475,0.7071067811865476,19.0,92.0,1.5,19.222222222222218,91.11111111111113,0
35.73.05.1012,Tasik Madu,2026-09-30 04:00:00,19.666666666666668,85.33333333333333,1.3666666666666667,85.33333333333333,0.0,Udara Kabur,0.8660254037844386,0.5000000000000001,19.333333333333332,88.66666666666667,1.4333333333333333,19.333333333333332,88.66666666666667,0
35.73.05.1012,Tasik Madu,2026-09-30 05:00:00,20.0,82.0,1.3,80.0,0.0,Udara Kabur,0.9659258262890683,0.25881904510252074,19.666666666666668,85.33333333333333,1.3666666666666667,19.666666666666668,85.33333333333333,0
35.73.05.1012,Tasik Madu,2026-09-30 06:00:00,22.0,74.66666666666667,1.3,63.66666666666667,0.09999999999999999,Udara Kabur,1.0,6.123233995736766e-17,20.0,82.0,1.3,20.555555555555557,80.66666666666667,1
35.73.05.1012,Tasik Madu,2026-09-30 07:00:00,24.0,67.33333333333333,1.3,47.333333333333336,0.19999999999999998,Udara Kabur,0.9659258262890683,-0.25881904510252063,22.0,74.66666666666667,1.3,22.0,74.66666666666667,1
35.73.05.1012,Tasik Madu,2026-09-30 08:00:00,26.0,60.0,1.3,31.0,0.3,Udara Kabur,0.8660254037844387,-0.4999999999999998,24.0,67.33333333333333,1.3,24.0,67.33333333333333,1
35.73.05.1012,Tasik Madu,2026-09-30 09:00:00,26.666666666666668,58.0,2.9,47.0,0.3,Udara Kabur,0.7071067811865476,-0.7071067811865475,26.0,60.0,1.3,25.555555555555557,61.77777777777777,1
35.73.05.1012,Tasik Madu,2026-09-30 10:00:00,27.333333333333332,56.0,4.5,63.0,0.3,Udara Kabur,0.49999999999999994,-0.8660254037844387,26.666666666666668,58.0,2.9,26.666666666666668,58.0,1
35.73.05.1012,Tasik Madu,2026-09-30 11:00:00,28.0,54.0,6.1,79.0,0.3,Cerah Berawan,0.258819045102521,-0.9659258262890682,27.333333333333332,56.0,4.5,27.333333333333332,56.0,1
35.73.05.1012,Tasik Madu,2026-09-30 12:00:00,27.0,60.666666666666664,6.1,75.0,0.5,Cerah Berawan,1.2246467991473532e-16,-1.0,28.0,54.0,6.1,27.444444444444443,56.888888888888886,1
35.73.05.1012,Tasik Madu,2026-09-30 13:00:00,26.0,67.33333333333333,6.1,71.0,0.7000000000000001,Cerah Berawan,-0.2588190451025208,-0.9659258262890683,27.0,60.666666666666664,6.1,27.0,60.666666666666664,1
35.73.05.1012,Tasik Madu,2026-09-30 14:00:00,25.0,74.0,6.1,67.0,0.9,Cerah Berawan,-0.4999999999999997,-0.8660254037844388,26.0,67.33333333333333,6.1,26.0,67.33333333333333,1
35.73.05.1012,Tasik Madu,2026-09-30 15:00:00,24.0,80.66666666666667,5.233333333333333,68.66666666666667,0.9,Cerah Berawan,-0.7071067811865471,-0.7071067811865479,25.0,74.0,6.1,25.0,74.0,1
35.73.05.1012,Tasik Madu,2026-09-30 16:00:00,23.0,87.33333333333333,4.366666666666666,70.33333333333333,0.9,Cerah Berawan,-0.8660254037844384,-0.5000000000000004,24.0,80.66666666666667,5.233333333333333,24.0,80.66666666666667,1
35.73.05.1012,Tasik Madu,2026-09-30 17:00:00,22.0,94.0,3.5,72.0,0.9,Cerah Berawan,-0.9659258262890683,-0.25881904510252063,23.0,87.33333333333333,4.366666666666666,23.0,87.33333333333333,1
35.73.05.1012,Tasik Madu,2026-09-30 18:00:00,21.666666666666668,95.0,3.5,70.0,0.6000000000000001,Cerah Berawan,-1.0,-1.8369701987210297e-16,22.0,94.0,3.5,22.222222222222225,92.1111111111111,1
35.73.05.1012,Tasik Madu,2026-09-30 19:00:00,21.333333333333332,96.0,3.5,68.0,0.30000000000000004,Cerah Berawan,-0.9659258262890684,0.2588190451025203,21.666666666666668,95.0,3.5,21.666666666666668,95.0,1
35.73.05.1012,Tasik Madu,2026-09-30 20:00:00,21.0,97.0,3.5,66.0,0.0,Cerah Berawan,-0.8660254037844386,0.5000000000000001,21.333333333333332,96.0,3.5,21.333333333333332,96.0,0
35.73.05.1012,Tasik Madu,2026-09-30 21:00:00,20.666666666666668,97.0,3.1,55.333333333333336,0.0,Cerah Berawan,-0.7071067811865477,0.7071067811865474,21.0,97.0,3.5,21.0,96.66666666666667,0
35.73.05.1012,Tasik Madu,2026-09-30 22:00:00,20.333333333333332,97.0,2.6999999999999997,44.66666666666667,0.0,Cerah Berawan,-0.5000000000000004,0.8660254037844384,20.666666666666668,97.0,3.1,20.666666666666668,97.0,0
35.73.05.1012,Tasik Madu,2026-09-30 23:00:00,20.0,97.0,2.3,34.0,0.0,Udara Kabur,-0.25881904510252157,0.9659258262890681,20.333333333333332,97.0,2.6999999999999997,20.333333333333332,97.0,0
